/*
 Navicat Premium Data Transfer

 Source Server         : mysql_MB
 Source Server Type    : MySQL
 Source Server Version : 50649
 Source Host           : 112.78.2.59:3306
 Source Schema         : bab11636_QMLadmin

 Target Server Type    : MySQL
 Target Server Version : 50649
 File Encoding         : 65001

 Date: 27/10/2020 01:59:45
*/

SET NAMES utf8mb4;
SET FOREIGN_KEY_CHECKS = 0;

-- ----------------------------
-- Table structure for AUTHORITY
-- ----------------------------
DROP TABLE IF EXISTS `AUTHORITY`;
CREATE TABLE `AUTHORITY`  (
  `id` varchar(20) CHARACTER SET latin1 COLLATE latin1_swedish_ci NOT NULL,
  `code` varchar(3) CHARACTER SET latin1 COLLATE latin1_swedish_ci NOT NULL,
  `name` varchar(15) CHARACTER SET latin1 COLLATE latin1_swedish_ci NOT NULL,
  `icon_path` varchar(150) CHARACTER SET latin1 COLLATE latin1_swedish_ci NOT NULL,
  `updatedate` bigint(8) NULL DEFAULT NULL,
  `updatetime` varchar(6) CHARACTER SET latin1 COLLATE latin1_swedish_ci NULL DEFAULT NULL,
  PRIMARY KEY (`code`) USING BTREE
) ENGINE = MyISAM CHARACTER SET = latin1 COLLATE = latin1_swedish_ci ROW_FORMAT = Dynamic;

-- ----------------------------
-- Records of AUTHORITY
-- ----------------------------
INSERT INTO `AUTHORITY` VALUES ('202005051739190028', '10', 'g123', 'img/author/author_10.PNG', 20200505, '173919');
INSERT INTO `AUTHORITY` VALUES ('202005051739140913', '18', 'g12', 'img/author/author_18.PNG', 20200505, '173914');
INSERT INTO `AUTHORITY` VALUES ('202005060033180643', '9', 'asdad11664vf1', 'img/author/author_9.PNG', 20200506, '003318');
INSERT INTO `AUTHORITY` VALUES ('202005060033160535', '11', 'asdad11664vf', 'img/author/author_11.PNG', 20200506, '003316');
INSERT INTO `AUTHORITY` VALUES ('202005060032300261', '8', 'asdad1166455', 'img/author/author_8.PNG', 20200506, '003230');
INSERT INTO `AUTHORITY` VALUES ('202005060032270009', '7', 'asdad116645', 'img/author/author_7.PNG', 20200506, '003227');
INSERT INTO `AUTHORITY` VALUES ('202005061318190396', '4', '1fbhfn', 'img/author/author_4.PNG', 20200506, '131819');
INSERT INTO `AUTHORITY` VALUES ('202005060032210153', '6', 'asdad11664', 'img/author/author_6.PNG', 20200506, '003221');
INSERT INTO `AUTHORITY` VALUES ('202005061249210285', '20', 'Kjijj', 'img/author/author_20.PNG', 20200506, '124921');
INSERT INTO `AUTHORITY` VALUES ('202005052317100309', '2', 'Giam doc 7', 'img/author/author_2.PNG', 20200505, '231710');
INSERT INTO `AUTHORITY` VALUES ('202005052318570913', '1', 'Giam doc 7t', 'img/author/author_1.PNG', 20200505, '231857');
INSERT INTO `AUTHORITY` VALUES ('202005052313170529', '19', 'Giam doc 2', 'img/author/author_19.PNG', 20200505, '231317');
INSERT INTO `AUTHORITY` VALUES ('202005070118020416', '13', 'Rhjrjrj', 'img/author/author_13.PNG', 20200507, '011802');
INSERT INTO `AUTHORITY` VALUES ('202005070118130583', '3', 'Rhjrjrjbhhh', 'img/author/author_3.PNG', 20200507, '011813');
INSERT INTO `AUTHORITY` VALUES ('202005080400040895', '16', 'ygjghj', 'img/author/author_16.PNG', 20200508, '040004');
INSERT INTO `AUTHORITY` VALUES ('202005081355280844', '12', 'dgfdgfdfg', 'img/author/author_12.PNG', 20200508, '135528');

-- ----------------------------
-- Table structure for COMMENT
-- ----------------------------
DROP TABLE IF EXISTS `COMMENT`;
CREATE TABLE `COMMENT`  (
  `id` varchar(20) CHARACTER SET latin1 COLLATE latin1_swedish_ci NOT NULL,
  `creator_task` varchar(20) CHARACTER SET latin1 COLLATE latin1_swedish_ci NOT NULL,
  `task_id` varchar(20) CHARACTER SET latin1 COLLATE latin1_swedish_ci NOT NULL,
  `user_in_task` varchar(20) CHARACTER SET latin1 COLLATE latin1_swedish_ci NOT NULL,
  `cmm1` text CHARACTER SET utf8 COLLATE utf8_unicode_ci NOT NULL,
  `cmm2` text CHARACTER SET utf8 COLLATE utf8_unicode_ci NULL,
  `type` varchar(3) CHARACTER SET latin1 COLLATE latin1_swedish_ci NULL DEFAULT NULL,
  `ans_for` varchar(20) CHARACTER SET latin1 COLLATE latin1_swedish_ci NULL DEFAULT NULL,
  `updatedate` varchar(10) CHARACTER SET latin1 COLLATE latin1_swedish_ci NOT NULL,
  `updatetime` varchar(10) CHARACTER SET latin1 COLLATE latin1_swedish_ci NOT NULL,
  `create_datetime` varchar(20) CHARACTER SET latin1 COLLATE latin1_swedish_ci NOT NULL,
  PRIMARY KEY (`id`) USING BTREE
) ENGINE = MyISAM CHARACTER SET = latin1 COLLATE = latin1_swedish_ci ROW_FORMAT = Dynamic;

-- ----------------------------
-- Table structure for FOLDER_TITLE
-- ----------------------------
DROP TABLE IF EXISTS `FOLDER_TITLE`;
CREATE TABLE `FOLDER_TITLE`  (
  `id` varchar(50) CHARACTER SET latin1 COLLATE latin1_swedish_ci NOT NULL,
  `creator_id` varchar(30) CHARACTER SET latin1 COLLATE latin1_swedish_ci NOT NULL,
  `folder_id` varchar(60) CHARACTER SET latin1 COLLATE latin1_swedish_ci NOT NULL,
  `title_text` varchar(500) CHARACTER SET utf8 COLLATE utf8_vietnamese_ci NOT NULL,
  `updatedate` varchar(8) CHARACTER SET latin1 COLLATE latin1_swedish_ci NULL DEFAULT NULL,
  `updatetime` varchar(6) CHARACTER SET latin1 COLLATE latin1_swedish_ci NULL DEFAULT NULL,
  `create_datetime` varchar(15) CHARACTER SET latin1 COLLATE latin1_swedish_ci NULL DEFAULT NULL
) ENGINE = MyISAM CHARACTER SET = latin1 COLLATE = latin1_swedish_ci ROW_FORMAT = Dynamic;

-- ----------------------------
-- Records of FOLDER_TITLE
-- ----------------------------
INSERT INTO `FOLDER_TITLE` VALUES ('202009111537030812', '202007181517230520', 'j1_10', 'sdfdsfsfsdf', '20200911', '153703', '20200911153703');
INSERT INTO `FOLDER_TITLE` VALUES ('202009111526130013', '202007181517230520', 'j1_10', 'zszczxc', '20200911', '152613', '20200911152613');
INSERT INTO `FOLDER_TITLE` VALUES ('202009061938030077', '202007181517230520', 'j1_4', 'chu ', '20200906', '193803', '20200906193803');
INSERT INTO `FOLDER_TITLE` VALUES ('202009041233030033', '202007181517230520', 'j1_9', 'chu de nha khong', '20200904', '123303', '20200904123303');
INSERT INTO `FOLDER_TITLE` VALUES ('202009011506400410', '202007181517230520', 'j1_8', 'chu de 2', '20200901', '150640', '20200901150640');
INSERT INTO `FOLDER_TITLE` VALUES ('202009011506350555', '202007181517230520', 'j1_8', 'chu de 1', '20200901', '150635', '20200901150635');
INSERT INTO `FOLDER_TITLE` VALUES ('202009011357560810', '202007181517230520', 'j1_10', 'chu de 1', '20200901', '135756', '20200901135756');
INSERT INTO `FOLDER_TITLE` VALUES ('202008311844310182', '202007181517230520', 'j1_10', 'asssss', '20200831', '184431', '20200831184431');
INSERT INTO `FOLDER_TITLE` VALUES ('202008311821070970', '202007181517230520', 'j1_10', 'asdasdasd', '20200831', '182107', '20200831182107');
INSERT INTO `FOLDER_TITLE` VALUES ('202008311749300773', '202007181517230520', 'j1_10', 'adasd', '20200831', '174930', '20200831174930');
INSERT INTO `FOLDER_TITLE` VALUES ('202008311749110791', '202007181517230520', 'j1_16', 'ss', '20200831', '174911', '20200831174911');
INSERT INTO `FOLDER_TITLE` VALUES ('202008311745310962', '202007181517230520', 'j1_10', 'daadasdadasd1212331212', '20200831', '174531', '20200831174531');
INSERT INTO `FOLDER_TITLE` VALUES ('202008311745150834', '202007181517230520', 'j1_10', '121212212', '20200831', '174515', '20200831174515');
INSERT INTO `FOLDER_TITLE` VALUES ('202008311745080914', '202007181517230520', 'j1_10', 'asdadsa', '20200831', '174508', '20200831174508');
INSERT INTO `FOLDER_TITLE` VALUES ('202008311737280128', '202007181517230520', 'j1_10', 'ijl', '20200831', '173728', '20200831173728');
INSERT INTO `FOLDER_TITLE` VALUES ('202008311736270780', '202007181517230520', 'j1_10', 'sdfsdfsdf', '20200831', '173627', '20200831173627');
INSERT INTO `FOLDER_TITLE` VALUES ('202008311736230894', '202007181517230520', 'j1_10', 'sfsfsdf', '20200831', '173623', '20200831173623');
INSERT INTO `FOLDER_TITLE` VALUES ('202008311736190999', '202007181517230520', 'j1_10', 'sdfsd', '20200831', '173619', '20200831173619');
INSERT INTO `FOLDER_TITLE` VALUES ('202008311733350203', '202007181517230520', 'j1_11', 'assdf', '20200831', '173335', '20200831173335');
INSERT INTO `FOLDER_TITLE` VALUES ('202008311732350652', '202007181517230520', 'j1_19', 'asdadasd', '20200831', '173235', '20200831173235');
INSERT INTO `FOLDER_TITLE` VALUES ('202008311732300964', '202007181517230520', 'j1_19', 'asdadasd', '20200831', '173230', '20200831173230');
INSERT INTO `FOLDER_TITLE` VALUES ('202008311732280645', '202007181517230520', 'j1_19', '121212', '20200831', '173228', '20200831173228');
INSERT INTO `FOLDER_TITLE` VALUES ('202008311732260580', '202007181517230520', 'j1_19', '1211212', '20200831', '173226', '20200831173226');
INSERT INTO `FOLDER_TITLE` VALUES ('202008311731590605', '202007181517230520', 'j1_10', '4343434', '20200831', '173159', '20200831173159');
INSERT INTO `FOLDER_TITLE` VALUES ('202008311731560724', '202007181517230520', 'j1_10', '34343434', '20200831', '173156', '20200831173156');
INSERT INTO `FOLDER_TITLE` VALUES ('202008311723230411', '202007181517230520', 'j1_11', 'ghgfhgfh', '20200831', '172323', '20200831172323');
INSERT INTO `FOLDER_TITLE` VALUES ('202008311723170131', '202007181517230520', 'j1_11', 'vghtvghf', '20200831', '172317', '20200831172317');
INSERT INTO `FOLDER_TITLE` VALUES ('202008311717510600', '202007181517230520', 'j1_10', '12122', '20200831', '171751', '20200831171751');
INSERT INTO `FOLDER_TITLE` VALUES ('202008311717400656', '202007181517230520', 'j1_10', 'sdfsdf', '20200831', '171740', '20200831171740');
INSERT INTO `FOLDER_TITLE` VALUES ('202008311648440667', '202007181517230520', 'j1_11', 'adsasd', '20200831', '164844', '20200831164844');
INSERT INTO `FOLDER_TITLE` VALUES ('202008311647550650', '202007181517230520', 'j1_10', 'ssss', '20200831', '164755', '20200831164755');
INSERT INTO `FOLDER_TITLE` VALUES ('202008311647260010', '202007181517230520', 'j1_12', 'them 1', '20200831', '164726', '20200831164726');
INSERT INTO `FOLDER_TITLE` VALUES ('202008311647170762', '202007181517230520', 'j1_12', 'ádasdasd', '20200831', '164717', '20200831164717');
INSERT INTO `FOLDER_TITLE` VALUES ('202008311647130204', '202007181517230520', 'j1_12', 'ádasd', '20200831', '164713', '20200831164713');
INSERT INTO `FOLDER_TITLE` VALUES ('202008311647080187', '202007181517230520', 'j1_12', 'ádasdsd', '20200831', '164708', '20200831164708');
INSERT INTO `FOLDER_TITLE` VALUES ('202008311646120523', '202007181517230520', 'j1_12', 'ádasdasd', '20200831', '164612', '20200831164612');
INSERT INTO `FOLDER_TITLE` VALUES ('202008311645500843', '202007181517230520', 'j1_10', 'ádads', '20200831', '164550', '20200831164550');
INSERT INTO `FOLDER_TITLE` VALUES ('202008311645290221', '202007181517230520', 'j1_19', 'sdfsfsd', '20200831', '164529', '20200831164529');
INSERT INTO `FOLDER_TITLE` VALUES ('202008311644530347', '202007181517230520', 'j1_10', 'ádasdasd', '20200831', '164453', '20200831164453');
INSERT INTO `FOLDER_TITLE` VALUES ('202008311644480659', '202007181517230520', 'j1_10', 'ádasdadsasd', '20200831', '164448', '20200831164448');
INSERT INTO `FOLDER_TITLE` VALUES ('202008311656500366', '202007181517230520', 'j1_10', 's', '20200831', '165650', '20200831165650');
INSERT INTO `FOLDER_TITLE` VALUES ('202008311656470878', '202007181517230520', 'j1_10', 'asdad', '20200831', '165647', '20200831165647');
INSERT INTO `FOLDER_TITLE` VALUES ('202008311650380850', '202007181517230520', 'j1_10', '646456456', '20200831', '165038', '20200831165038');
INSERT INTO `FOLDER_TITLE` VALUES ('202008311650120817', '202007181517230520', 'j1_10', 'cgdsfgdsf', '20200831', '165012', '20200831165012');
INSERT INTO `FOLDER_TITLE` VALUES ('202008311649040809', '202007181517230520', 'j1_10', 'sdfsdfsdf', '20200831', '164904', '20200831164904');
INSERT INTO `FOLDER_TITLE` VALUES ('202009161649410082', '113486759599812914431', 'j1_2', '1111', '20200916', '175039', '20200916175039');
INSERT INTO `FOLDER_TITLE` VALUES ('202009161649550513', '113486759599812914431', 'j1_2', '789789', '20200916', '175055', '20200916175055');
INSERT INTO `FOLDER_TITLE` VALUES ('202009161649570161', '113486759599812914431', 'j1_2', '789789789', '20200916', '175057', '20200916175057');
INSERT INTO `FOLDER_TITLE` VALUES ('202009161649580961', '113486759599812914431', 'j1_2', '78979789789', '20200916', '175058', '20200916175058');
INSERT INTO `FOLDER_TITLE` VALUES ('202009161919050669', '113486759599812914431', 'j1_1', '123', '20200916', '202005', '20200916202005');
INSERT INTO `FOLDER_TITLE` VALUES ('202009162123560310', '113486759599812914431', 'j1_1', 'asdasd', '20200916', '222456', '20200916222456');
INSERT INTO `FOLDER_TITLE` VALUES ('202009162229280100', '113486759599812914431', '202008162222330796_20200916222', '123', '20200916', '233028', '20200916233028');
INSERT INTO `FOLDER_TITLE` VALUES ('202009162256150611', '113486759599812914431', '202008162222330796_202009162234540974___j1_1', '111', '20200916', '235715', '20200916235715');
INSERT INTO `FOLDER_TITLE` VALUES ('202009162258350747', '113486759599812914431', '202008162222330796_202009162250370691___j1_2', '123', '20200916', '235935', '20200916235935');
INSERT INTO `FOLDER_TITLE` VALUES ('202009170005040874', '113486759599812914431', '202008162222330796_202009162250370691___j1_2', 'CD1', '20200917', '000504', '20200917000504');
INSERT INTO `FOLDER_TITLE` VALUES ('202009170008400938', '113486759599812914431', '202008162222330796_202009162250320894___j1_1', '123', '20200917', '000840', '20200917000840');
INSERT INTO `FOLDER_TITLE` VALUES ('202009170012330938', '113486759599812914431', '202008162222330796_202009170012280907___j1_3', '12123', '20200917', '001233', '20200917001233');
INSERT INTO `FOLDER_TITLE` VALUES ('202009170013570043', '113486759599812914431', '202008162222330796_202009170013100867___j1_11', '123', '20200917', '001357', '20200917001357');
INSERT INTO `FOLDER_TITLE` VALUES ('202009170013590386', '113486759599812914431', '202008162222330796_202009170013100867___j1_11', '1', '20200917', '001359', '20200917001359');
INSERT INTO `FOLDER_TITLE` VALUES ('202009170014150194', '113486759599812914431', '202008162222330796_202009170012530851___j1_7', '123', '20200917', '001415', '20200917001415');
INSERT INTO `FOLDER_TITLE` VALUES ('202009170022320649', '113486759599812914431', '202008162222330796_202009170013100867___j1_11', 'sdfsdf', '20200917', '002232', '20200917002232');
INSERT INTO `FOLDER_TITLE` VALUES ('202009170022360426', '113486759599812914431', '202008162222330796_202009170012530851___j1_7', 'asdasd', '20200917', '002236', '20200917002236');
INSERT INTO `FOLDER_TITLE` VALUES ('202009170022380729', '113486759599812914431', '202008162222330796_202009170012500371___j1_6', 'asdasd', '20200917', '002238', '20200917002238');
INSERT INTO `FOLDER_TITLE` VALUES ('202009170934170893', '113486759599812914431', '202008162222330796_202009170013010804___j1_9', 'fhfgh', '20200917', '093417', '20200917093417');
INSERT INTO `FOLDER_TITLE` VALUES ('202009170935070723', '113486759599812914431', '202008162222330796_202009170013040747___j1_10', 'sdfsd', '20200917', '093507', '20200917093507');
INSERT INTO `FOLDER_TITLE` VALUES ('202009170941370890', '113486759599812914431', '202008162222330796_202009170013040747___j1_10', 'sdfsdf', '20200917', '094137', '20200917094137');
INSERT INTO `FOLDER_TITLE` VALUES ('202009170941450305', '113486759599812914431', '202008162222330796_202009170013040747___j1_10', 'sdsfsdf', '20200917', '094145', '20200917094145');
INSERT INTO `FOLDER_TITLE` VALUES ('202009170941460793', '113486759599812914431', '202008162222330796_202009170013040747___j1_10', '1213', '20200917', '094146', '20200917094146');
INSERT INTO `FOLDER_TITLE` VALUES ('202009170941480497', '113486759599812914431', '202008162222330796_202009170013040747___j1_10', '1212312', '20200917', '094148', '20200917094148');
INSERT INTO `FOLDER_TITLE` VALUES ('202009170941510178', '113486759599812914431', '202008162222330796_202009170013040747___j1_10', '1212123', '20200917', '094151', '20200917094151');
INSERT INTO `FOLDER_TITLE` VALUES ('202009170946500975', '113486759599812914431', '202008162222330796_202009170013130243___j1_12', '890890', '20200917', '094650', '20200917094650');
INSERT INTO `FOLDER_TITLE` VALUES ('202009171045120902', '113486759599812914431', '202008162222330796_202009170013010804___j1_9', 'vfhfghfh', '20200917', '104512', '20200917104512');
INSERT INTO `FOLDER_TITLE` VALUES ('202009171045180342', '113486759599812914431', '202008162222330796_202009170013010804___j1_9', '456456456456', '20200917', '104518', '20200917104518');
INSERT INTO `FOLDER_TITLE` VALUES ('202009171047290171', '113486759599812914431', '202008162222330796_202009170013130243___j1_12', 'dfgdfgdfg', '20200917', '104729', '20200917104729');
INSERT INTO `FOLDER_TITLE` VALUES ('202009200035520546', '113486759599812914431', '202008162222330796_202009170013130243___j1_12', 'sdfsdfsdf', '20200920', '003552', '20200920003552');
INSERT INTO `FOLDER_TITLE` VALUES ('202009200037080475', '113486759599812914431', '202008162222330796_202009170013130243___j1_12', '12123', '20200920', '003708', '20200920003708');
INSERT INTO `FOLDER_TITLE` VALUES ('202009211903140371', '113486759599812914431', '202008162222330796_202009170012390564___j1_4', 'hồ sơ', '20200921', '190314', '20200921190314');
INSERT INTO `FOLDER_TITLE` VALUES ('202009221701000551', '113137136527929851498', '202008172339550897_202009221700070905___j1_1', 'be mot', '20200922', '170100', '20200922170100');
INSERT INTO `FOLDER_TITLE` VALUES ('202009231518590971', '113486759599812914431', '202008162222330796_202009231518540574___j1_1', 'afsfsdf', '20200923', '151859', '20200923151859');
INSERT INTO `FOLDER_TITLE` VALUES ('202009231705010989', '113486759599812914431', '202008162222330796_202009231519300486___j1_1', 'asdasdadasd', '20200923', '170501', '20200923170501');
INSERT INTO `FOLDER_TITLE` VALUES ('202009231708450746', '113486759599812914431', '202008162222330796_202009231519300486___j1_1', '3345345', '20200923', '170845', '20200923170845');
INSERT INTO `FOLDER_TITLE` VALUES ('202009231712340423', '113486759599812914431', '202008162222330796_202009231519300486___j1_1', 'adsasdsdfsdf', '20200923', '171234', '20200923171234');
INSERT INTO `FOLDER_TITLE` VALUES ('202009231712390360', '113486759599812914431', '202008162222330796_202009231519300486___j1_1', '1213', '20200923', '171239', '20200923171239');
INSERT INTO `FOLDER_TITLE` VALUES ('202009231715430885', '113486759599812914431', '202008162222330796_202009170013010804___j1_9', 'a1', '20200923', '171543', '20200923171543');
INSERT INTO `FOLDER_TITLE` VALUES ('202009291747060134', '113486759599812914431', '202008162222330796_202009291744590402___j1_1', 'sdfsdfsdf', '20200929', '174706', '20200929174706');
INSERT INTO `FOLDER_TITLE` VALUES ('202009291747090597', '113486759599812914431', '202008162222330796_202009291744590402___j1_1', 'fgdfgdfg', '20200929', '174709', '20200929174709');
INSERT INTO `FOLDER_TITLE` VALUES ('202009292147010544', '111659080796612880862', 'ajson2', 'Hihi', '20200929', '214701', '20200929214701');
INSERT INTO `FOLDER_TITLE` VALUES ('202009292208420361', '111659080796612880862', 'ajson2', 'Thêm nè', '20200929', '220842', '20200929220842');
INSERT INTO `FOLDER_TITLE` VALUES ('202010011631280214', '113486759599812914431', '202008162222330796_202009170013130243___j1_12', 'Y44uu', '20201001', '163128', '20201001163128');
INSERT INTO `FOLDER_TITLE` VALUES ('202010011631320309', '113486759599812914431', '202008162222330796_202009170013130243___j1_12', 'Ỵe3', '20201001', '163132', '20201001163132');
INSERT INTO `FOLDER_TITLE` VALUES ('202010011636470679', '113486759599812914431', '202008162222330796_202010011509580993___j1_1', 'dfsvvxv', '20201001', '163647', '20201001163647');
INSERT INTO `FOLDER_TITLE` VALUES ('202010011637160611', '113486759599812914431', '202008162222330796_202010011509580993___j1_1', 'NOTE', '20201001', '163716', '20201001163716');

-- ----------------------------
-- Table structure for MENU
-- ----------------------------
DROP TABLE IF EXISTS `MENU`;
CREATE TABLE `MENU`  (
  `id` varchar(20) CHARACTER SET latin1 COLLATE latin1_swedish_ci NOT NULL,
  `creator_id` varchar(30) CHARACTER SET latin1 COLLATE latin1_swedish_ci NULL DEFAULT NULL,
  `tasktree` text CHARACTER SET latin1 COLLATE latin1_swedish_ci NULL,
  `updatedate` varchar(8) CHARACTER SET latin1 COLLATE latin1_swedish_ci NULL DEFAULT NULL,
  `updatetime` varchar(6) CHARACTER SET latin1 COLLATE latin1_swedish_ci NULL DEFAULT NULL,
  `create_datetime` varchar(15) CHARACTER SET latin1 COLLATE latin1_swedish_ci NULL DEFAULT NULL
) ENGINE = MyISAM CHARACTER SET = latin1 COLLATE = latin1_swedish_ci ROW_FORMAT = Dynamic;

-- ----------------------------
-- Records of MENU
-- ----------------------------
INSERT INTO `MENU` VALUES ('202005282258410065', '202005282258410044', '[{\"id\":\"ajson2\",\"text\":\"ROOT\",\"icon\":\"img/icon/folder_open.png\",\"li_attr\":{\"id\":\"ajson2\"},\"a_attr\":{\"href\":\"#\",\"id\":\"ajson2_anchor\"},\"state\":{\"loaded\":true,\"opened\":true,\"selected\":false,\"disabled\":false},\"data\":{},\"parent\":\"#\",\"type\":\"folder-open\"},{\"id\":\"j1_12\",\"text\":\"123\",\"icon\":\"img/icon/folder_open.png\",\"li_attr\":{\"id\":\"j1_12\"},\"a_attr\":{\"href\":\"#\",\"id\":\"j1_12_anchor\"},\"state\":{\"loaded\":true,\"opened\":true,\"selected\":false,\"disabled\":false},\"data\":{},\"parent\":\"ajson2\",\"type\":\"folder-open\"},{\"id\":\"j1_1\",\"text\":\"121233\",\"icon\":\"img/icon/folder_open.png\",\"li_attr\":{\"id\":\"j1_1\"},\"a_attr\":{\"href\":\"#\",\"id\":\"j1_1_anchor\"},\"state\":{\"loaded\":true,\"opened\":true,\"selected\":false,\"disabled\":false},\"data\":{},\"parent\":\"j1_12\",\"type\":\"folder-open\"},{\"id\":\"j1_2\",\"text\":\"asasd\",\"icon\":\"img/icon/folder_open.png\",\"li_attr\":{\"id\":\"j1_2\"},\"a_attr\":{\"href\":\"#\",\"id\":\"j1_2_anchor\"},\"state\":{\"loaded\":true,\"opened\":true,\"selected\":false,\"disabled\":false},\"data\":{},\"parent\":\"j1_1\",\"type\":\"folder-open\"},{\"id\":\"j1_15\",\"text\":\"1212\",\"icon\":\"img/icon/task_1.png\",\"li_attr\":{\"id\":\"j1_15\"},\"a_attr\":{\"href\":\"#\",\"id\":\"j1_15_anchor\"},\"state\":{\"loaded\":true,\"opened\":false,\"selected\":false,\"disabled\":false},\"data\":{},\"parent\":\"j1_2\",\"type\":\"file\"},{\"id\":\"j1_21\",\"text\":\"12123\",\"icon\":\"img/icon/folder_open.png\",\"li_attr\":{\"id\":\"j1_21\"},\"a_attr\":{\"href\":\"#\",\"id\":\"j1_21_anchor\"},\"state\":{\"loaded\":true,\"opened\":true,\"selected\":false,\"disabled\":false},\"data\":{},\"parent\":\"j1_2\",\"type\":\"folder-open\"},{\"id\":\"j1_23\",\"text\":\"1werfsdffsdf\",\"icon\":\"img/icon/task_1.png\",\"li_attr\":{\"id\":\"j1_23\"},\"a_attr\":{\"href\":\"#\",\"id\":\"j1_23_anchor\"},\"state\":{\"loaded\":true,\"opened\":false,\"selected\":false,\"disabled\":false},\"data\":{},\"parent\":\"j1_21\",\"type\":\"file\"},{\"id\":\"j1_25\",\"text\":\"sdsdf\",\"icon\":\"img/icon/task_1.png\",\"li_attr\":{\"id\":\"j1_25\"},\"a_attr\":{\"href\":\"#\",\"id\":\"j1_25_anchor\"},\"state\":{\"loaded\":true,\"opened\":false,\"selected\":false,\"disabled\":false},\"data\":{},\"parent\":\"j1_21\",\"type\":\"file\"},{\"id\":\"j1_28\",\"text\":\"33333\",\"icon\":\"img/icon/task_1.png\",\"li_attr\":{\"id\":\"j1_28\"},\"a_attr\":{\"href\":\"#\",\"id\":\"j1_28_anchor\"},\"state\":{\"loaded\":true,\"opened\":false,\"selected\":false,\"disabled\":false},\"data\":{},\"parent\":\"j1_21\",\"type\":\"file\"},{\"id\":\"j1_35\",\"text\":\"th\",\"icon\":\"img/icon/task_1.png\",\"li_attr\":{\"id\":\"j1_35\"},\"a_attr\":{\"href\":\"#\",\"id\":\"j1_35_anchor\"},\"state\":{\"loaded\":true,\"opened\":false,\"selected\":false,\"disabled\":false},\"data\":{},\"parent\":\"j1_21\",\"type\":\"file\"},{\"id\":\"j1_3\",\"text\":\"12123\",\"icon\":\"img/icon/folder_open.png\",\"li_attr\":{\"id\":\"j1_3\"},\"a_attr\":{\"href\":\"#\",\"id\":\"j1_3_anchor\"},\"state\":{\"loaded\":true,\"opened\":true,\"selected\":true,\"disabled\":false},\"data\":{},\"parent\":\"j1_1\",\"type\":\"folder-open\"},{\"id\":\"j1_24\",\"text\":\"12123\",\"icon\":\"img/icon/folder_open.png\",\"li_attr\":{\"id\":\"j1_24\"},\"a_attr\":{\"href\":\"#\",\"id\":\"j1_24_anchor\"},\"state\":{\"loaded\":true,\"opened\":true,\"selected\":false,\"disabled\":false},\"data\":{},\"parent\":\"j1_3\",\"type\":\"folder-open\"},{\"id\":\"j1_41\",\"text\":\"D? án 3\",\"icon\":\"img/icon/task_1.png\",\"li_attr\":{\"id\":\"j1_41\"},\"a_attr\":{\"href\":\"#\",\"id\":\"j1_41_anchor\"},\"state\":{\"loaded\":true,\"opened\":false,\"selected\":false,\"disabled\":false},\"data\":{},\"parent\":\"j1_24\",\"type\":\"file\"},{\"id\":\"j1_36\",\"text\":\"D? án 1\",\"icon\":\"img/icon/task_1.png\",\"li_attr\":{\"id\":\"j1_36\"},\"a_attr\":{\"href\":\"#\",\"id\":\"j1_36_anchor\"},\"state\":{\"loaded\":true,\"opened\":false,\"selected\":false,\"disabled\":false},\"data\":{},\"parent\":\"j1_24\",\"type\":\"file\"},{\"id\":\"j1_40\",\"text\":\"D? án 2\",\"icon\":\"img/icon/task_1.png\",\"li_attr\":{\"id\":\"j1_40\"},\"a_attr\":{\"href\":\"#\",\"id\":\"j1_40_anchor\"},\"state\":{\"loaded\":true,\"opened\":false,\"selected\":false,\"disabled\":false},\"data\":{},\"parent\":\"j1_24\",\"type\":\"file\"},{\"id\":\"j1_5\",\"text\":\"2112\",\"icon\":\"img/icon/folder_open.png\",\"li_attr\":{\"id\":\"j1_5\"},\"a_attr\":{\"href\":\"#\",\"id\":\"j1_5_anchor\"},\"state\":{\"loaded\":true,\"opened\":true,\"selected\":false,\"disabled\":false},\"data\":{},\"parent\":\"j1_3\",\"type\":\"folder-open\"},{\"id\":\"j1_11\",\"text\":\"99999\",\"icon\":\"img/icon/folder_open.png\",\"li_attr\":{\"id\":\"j1_11\"},\"a_attr\":{\"href\":\"#\",\"id\":\"j1_11_anchor\"},\"state\":{\"loaded\":true,\"opened\":true,\"selected\":false,\"disabled\":false},\"data\":{},\"parent\":\"j1_5\",\"type\":\"folder-open\"},{\"id\":\"j1_17\",\"text\":\"122333\",\"icon\":\"img/icon/task_1.png\",\"li_attr\":{\"id\":\"j1_17\"},\"a_attr\":{\"href\":\"#\",\"id\":\"j1_17_anchor\"},\"state\":{\"loaded\":true,\"opened\":false,\"selected\":false,\"disabled\":false},\"data\":{},\"parent\":\"j1_11\",\"type\":\"file\"},{\"id\":\"j1_4\",\"text\":\"333\",\"icon\":\"img/icon/folder_open.png\",\"li_attr\":{\"id\":\"j1_4\"},\"a_attr\":{\"href\":\"#\",\"id\":\"j1_4_anchor\"},\"state\":{\"loaded\":true,\"opened\":true,\"selected\":false,\"disabled\":false},\"data\":{},\"parent\":\"j1_5\",\"type\":\"folder-open\"},{\"id\":\"j1_26\",\"text\":\"1212\",\"icon\":\"img/icon/folder_open.png\",\"li_attr\":{\"id\":\"j1_26\"},\"a_attr\":{\"href\":\"#\",\"id\":\"j1_26_anchor\"},\"state\":{\"loaded\":true,\"opened\":true,\"selected\":false,\"disabled\":false},\"data\":{},\"parent\":\"j1_4\",\"type\":\"folder-open\"},{\"id\":\"j1_6\",\"text\":\"121233\",\"icon\":\"img/icon/folder_close.png\",\"li_attr\":{\"id\":\"j1_6\"},\"a_attr\":{\"href\":\"#\",\"id\":\"j1_6_anchor\"},\"state\":{\"loaded\":true,\"opened\":false,\"selected\":false,\"disabled\":false},\"data\":{},\"parent\":\"j1_26\",\"type\":\"folder-close\"},{\"id\":\"j1_22\",\"text\":\"121233\",\"icon\":\"img/icon/folder_open.png\",\"li_attr\":{\"id\":\"j1_22\"},\"a_attr\":{\"href\":\"#\",\"id\":\"j1_22_anchor\"},\"state\":{\"loaded\":true,\"opened\":true,\"selected\":false,\"disabled\":false},\"data\":{},\"parent\":\"j1_6\",\"type\":\"folder-open\"},{\"id\":\"j1_29\",\"text\":\"11\",\"icon\":\"img/icon/task_1.png\",\"li_attr\":{\"id\":\"j1_29\"},\"a_attr\":{\"href\":\"#\",\"id\":\"j1_29_anchor\"},\"state\":{\"loaded\":true,\"opened\":false,\"selected\":false,\"disabled\":false},\"data\":{},\"parent\":\"j1_22\",\"type\":\"file\"},{\"id\":\"j1_14\",\"text\":\"12123\",\"icon\":\"img/icon/task_1.png\",\"li_attr\":{\"id\":\"j1_14\"},\"a_attr\":{\"href\":\"#\",\"id\":\"j1_14_anchor\"},\"state\":{\"loaded\":true,\"opened\":false,\"selected\":false,\"disabled\":false},\"data\":{},\"parent\":\"j1_22\",\"type\":\"file\"},{\"id\":\"j1_8\",\"text\":\"123\",\"icon\":\"img/icon/folder_open.png\",\"li_attr\":{\"id\":\"j1_8\"},\"a_attr\":{\"href\":\"#\",\"id\":\"j1_8_anchor\"},\"state\":{\"loaded\":true,\"opened\":true,\"selected\":false,\"disabled\":false},\"data\":{},\"parent\":\"j1_6\",\"type\":\"folder-open\"},{\"id\":\"j1_31\",\"text\":\"33\",\"icon\":\"img/icon/task_1.png\",\"li_attr\":{\"id\":\"j1_31\"},\"a_attr\":{\"href\":\"#\",\"id\":\"j1_31_anchor\"},\"state\":{\"loaded\":true,\"opened\":false,\"selected\":false,\"disabled\":false},\"data\":{},\"parent\":\"j1_8\",\"type\":\"file\"},{\"id\":\"j1_30\",\"text\":\"22\",\"icon\":\"img/icon/task_1.png\",\"li_attr\":{\"id\":\"j1_30\"},\"a_attr\":{\"href\":\"#\",\"id\":\"j1_30_anchor\"},\"state\":{\"loaded\":true,\"opened\":false,\"selected\":false,\"disabled\":false},\"data\":{},\"parent\":\"j1_8\",\"type\":\"file\"},{\"id\":\"j1_16\",\"text\":\"121212\",\"icon\":\"img/icon/task_1.png\",\"li_attr\":{\"id\":\"j1_16\"},\"a_attr\":{\"href\":\"#\",\"id\":\"j1_16_anchor\"},\"state\":{\"loaded\":true,\"opened\":false,\"selected\":false,\"disabled\":false},\"data\":{},\"parent\":\"j1_8\",\"type\":\"file\"},{\"id\":\"j1_34\",\"text\":\"456456456\",\"icon\":\"img/icon/task_1.png\",\"li_attr\":{\"id\":\"j1_34\"},\"a_attr\":{\"href\":\"#\",\"id\":\"j1_34_anchor\"},\"state\":{\"loaded\":true,\"opened\":false,\"selected\":false,\"disabled\":false},\"data\":{},\"parent\":\"j1_26\",\"type\":\"file\"},{\"id\":\"j1_38\",\"text\":\"New node\",\"icon\":\"img/icon/folder_open.png\",\"li_attr\":{\"id\":\"j1_38\"},\"a_attr\":{\"href\":\"#\",\"id\":\"j1_38_anchor\"},\"state\":{\"loaded\":true,\"opened\":true,\"selected\":false,\"disabled\":false},\"data\":{},\"parent\":\"j1_26\",\"type\":\"folder-open\"},{\"id\":\"j1_39\",\"text\":\"New node\",\"icon\":\"img/icon/task_1.png\",\"li_attr\":{\"id\":\"j1_39\"},\"a_attr\":{\"href\":\"#\",\"id\":\"j1_39_anchor\"},\"state\":{\"loaded\":true,\"opened\":false,\"selected\":false,\"disabled\":false},\"data\":{},\"parent\":\"j1_38\",\"type\":\"file\"},{\"id\":\"j1_19\",\"text\":\"1112\",\"icon\":\"img/icon/folder_open.png\",\"li_attr\":{\"id\":\"j1_19\"},\"a_attr\":{\"href\":\"#\",\"id\":\"j1_19_anchor\"},\"state\":{\"loaded\":true,\"opened\":false,\"selected\":false,\"disabled\":false},\"data\":{},\"parent\":\"j1_4\",\"type\":\"default\"},{\"id\":\"j1_13\",\"text\":\"3333\",\"icon\":\"img/icon/folder_open.png\",\"li_attr\":{\"id\":\"j1_13\"},\"a_attr\":{\"href\":\"#\",\"id\":\"j1_13_anchor\"},\"state\":{\"loaded\":true,\"opened\":true,\"selected\":false,\"disabled\":false},\"data\":{},\"parent\":\"j1_5\",\"type\":\"folder-open\"},{\"id\":\"j1_9\",\"text\":\"1212\",\"icon\":\"img/icon/folder_open.png\",\"li_attr\":{\"id\":\"j1_9\"},\"a_attr\":{\"href\":\"#\",\"id\":\"j1_9_anchor\"},\"state\":{\"loaded\":true,\"opened\":true,\"selected\":false,\"disabled\":false},\"data\":{},\"parent\":\"j1_13\",\"type\":\"folder-open\"},{\"id\":\"j1_10\",\"text\":\"12123\",\"icon\":\"img/icon/folder_open.png\",\"li_attr\":{\"id\":\"j1_10\"},\"a_attr\":{\"href\":\"#\",\"id\":\"j1_10_anchor\"},\"state\":{\"loaded\":true,\"opened\":true,\"selected\":false,\"disabled\":false},\"data\":{},\"parent\":\"j1_9\",\"type\":\"folder-open\"},{\"id\":\"j1_32\",\"text\":\"44\",\"icon\":\"img/icon/task_1.png\",\"li_attr\":{\"id\":\"j1_32\"},\"a_attr\":{\"href\":\"#\",\"id\":\"j1_32_anchor\"},\"state\":{\"loaded\":true,\"opened\":false,\"selected\":false,\"disabled\":false},\"data\":{},\"parent\":\"j1_1\",\"type\":\"file\"},{\"id\":\"j1_18\",\"text\":\"454545\",\"icon\":\"img/icon/task_1.png\",\"li_attr\":{\"id\":\"j1_18\"},\"a_attr\":{\"href\":\"#\",\"id\":\"j1_18_anchor\"},\"state\":{\"loaded\":true,\"opened\":false,\"selected\":false,\"disabled\":false},\"data\":{},\"parent\":\"j1_12\",\"type\":\"file\"},{\"id\":\"j1_20\",\"text\":\"9999\",\"icon\":\"img/icon/task_1.png\",\"li_attr\":{\"id\":\"j1_20\"},\"a_attr\":{\"href\":\"#\",\"id\":\"j1_20_anchor\"},\"state\":{\"loaded\":true,\"opened\":false,\"selected\":false,\"disabled\":false},\"data\":{},\"parent\":\"j1_12\",\"type\":\"file\"},{\"id\":\"j1_27\",\"text\":\"2222\",\"icon\":\"img/icon/task_1.png\",\"li_attr\":{\"id\":\"j1_27\"},\"a_attr\":{\"href\":\"#\",\"id\":\"j1_27_anchor\"},\"state\":{\"loaded\":true,\"opened\":false,\"selected\":false,\"disabled\":false},\"data\":{},\"parent\":\"j1_12\",\"type\":\"file\"},{\"id\":\"j1_7\",\"text\":\"2222\",\"icon\":\"img/icon/folder_open.png\",\"li_attr\":{\"id\":\"j1_7\"},\"a_attr\":{\"href\":\"#\",\"id\":\"j1_7_anchor\"},\"state\":{\"loaded\":true,\"opened\":true,\"selected\":false,\"disabled\":false},\"data\":{},\"parent\":\"j1_12\",\"type\":\"folder-open\"},{\"id\":\"j1_33\",\"text\":\"122\",\"icon\":\"img/icon/folder_open.png\",\"li_attr\":{\"id\":\"j1_33\"},\"a_attr\":{\"href\":\"#\",\"id\":\"j1_33_anchor\"},\"state\":{\"loaded\":true,\"opened\":false,\"selected\":false,\"disabled\":false},\"data\":{},\"parent\":\"j1_7\",\"type\":\"default\"},{\"id\":\"j1_37\",\"text\":\"VVVV\",\"icon\":\"img/icon/task_1.png\",\"li_attr\":{\"id\":\"j1_37\"},\"a_attr\":{\"href\":\"#\",\"id\":\"j1_37_anchor\"},\"state\":{\"loaded\":true,\"opened\":false,\"selected\":false,\"disabled\":false},\"data\":{},\"parent\":\"ajson2\",\"type\":\"file\"}]', '20200717', '80708', '20200528225841');
INSERT INTO `MENU` VALUES ('202005282302370229', '202005282302370216', '[{\"id\":\"ajson2\",\"text\":\"ALL\",\"icon\":\"img/icon/folder_open.png\",\"li_attr\":{\"id\":\"ajson2\"},\"a_attr\":{\"href\":\"#\",\"id\":\"ajson2_anchor\"},\"state\":{\"loaded\":true,\"opened\":true,\"selected\":false,\"disabled\":false},\"data\":{},\"parent\":\"#\",\"type\":\"folder-open\"},{\"id\":\"j1_2\",\"text\":\"222\",\"icon\":\"img/icon/folder_open.png\",\"li_attr\":{\"id\":\"j1_2\"},\"a_attr\":{\"href\":\"#\",\"id\":\"j1_2_anchor\"},\"state\":{\"loaded\":true,\"opened\":true,\"selected\":false,\"disabled\":false},\"data\":{},\"parent\":\"ajson2\",\"type\":\"folder-open\"},{\"id\":\"j1_3\",\"text\":\"12233\",\"icon\":\"img/icon/task_1.png\",\"li_attr\":{\"id\":\"j1_3\"},\"a_attr\":{\"href\":\"#\",\"id\":\"j1_3_anchor\"},\"state\":{\"loaded\":true,\"opened\":false,\"selected\":true,\"disabled\":false},\"data\":{},\"parent\":\"j1_2\",\"type\":\"file\"},{\"id\":\"j1_4\",\"text\":\"678678\",\"icon\":\"img/icon/folder_open.png\",\"li_attr\":{\"id\":\"j1_4\"},\"a_attr\":{\"href\":\"#\",\"id\":\"j1_4_anchor\"},\"state\":{\"loaded\":true,\"opened\":true,\"selected\":false,\"disabled\":false},\"data\":{},\"parent\":\"ajson2\",\"type\":\"folder-open\"},{\"id\":\"j1_1\",\"text\":\"123\",\"icon\":\"img/icon/folder_open.png\",\"li_attr\":{\"id\":\"j1_1\"},\"a_attr\":{\"href\":\"#\",\"id\":\"j1_1_anchor\"},\"state\":{\"loaded\":true,\"opened\":true,\"selected\":false,\"disabled\":false},\"data\":{},\"parent\":\"j1_4\",\"type\":\"folder-open\"},{\"id\":\"j1_5\",\"text\":\"1234\",\"icon\":\"img/icon/task_1.png\",\"li_attr\":{\"id\":\"j1_5\"},\"a_attr\":{\"href\":\"#\",\"id\":\"j1_5_anchor\"},\"state\":{\"loaded\":true,\"opened\":false,\"selected\":false,\"disabled\":false},\"data\":{},\"parent\":\"j1_1\",\"type\":\"file\"}]', '20200605', '201333', '20200528230237');
INSERT INTO `MENU` VALUES ('202005291556060546', '202005291556060531', '[{\n                \"id\": \"ajson2\",\n                \"text\": \"ALL\",\n                \"icon\": \"img/icon/folder_open.png\",\n                \"li_attr\": {\n                    \"id\": \"ajson2\"\n                },\n                \"a_attr\": {\n                    \"href\": \"#\",\n                    \"id\": \"ajson2_anchor\"\n                },\n                \"state\": {\n                    \"loaded\": true,\n                    \"opened\": true,\n                    \"selected\": true,\n                    \"disabled\": false\n                },\n                \"data\": {},\n                \"parent\": \"#\",\n                \"type\": \"folder-open\"\n            }]', '20200529', '155606', '20200529155606');
INSERT INTO `MENU` VALUES ('202005291643120515', '202005291643120507', '[{\n                \"id\": \"ajson2\",\n                \"text\": \"ALL\",\n                \"icon\": \"img/icon/folder_open.png\",\n                \"li_attr\": {\n                    \"id\": \"ajson2\"\n                },\n                \"a_attr\": {\n                    \"href\": \"#\",\n                    \"id\": \"ajson2_anchor\"\n                },\n                \"state\": {\n                    \"loaded\": true,\n                    \"opened\": true,\n                    \"selected\": true,\n                    \"disabled\": false\n                },\n                \"data\": {},\n                \"parent\": \"#\",\n                \"type\": \"folder-open\"\n            }]', '20200529', '164312', '20200529164312');
INSERT INTO `MENU` VALUES ('202005291628190283', '202005291628190276', '[{\n                \"id\": \"ajson2\",\n                \"text\": \"ALL\",\n                \"icon\": \"img/icon/folder_open.png\",\n                \"li_attr\": {\n                    \"id\": \"ajson2\"\n                },\n                \"a_attr\": {\n                    \"href\": \"#\",\n                    \"id\": \"ajson2_anchor\"\n                },\n                \"state\": {\n                    \"loaded\": true,\n                    \"opened\": true,\n                    \"selected\": true,\n                    \"disabled\": false\n                },\n                \"data\": {},\n                \"parent\": \"#\",\n                \"type\": \"folder-open\"\n            }]', '20200529', '162819', '20200529162819');
INSERT INTO `MENU` VALUES ('202005291629230521', '202005291629230513', '[{\n                \"id\": \"ajson2\",\n                \"text\": \"ALL\",\n                \"icon\": \"img/icon/folder_open.png\",\n                \"li_attr\": {\n                    \"id\": \"ajson2\"\n                },\n                \"a_attr\": {\n                    \"href\": \"#\",\n                    \"id\": \"ajson2_anchor\"\n                },\n                \"state\": {\n                    \"loaded\": true,\n                    \"opened\": true,\n                    \"selected\": true,\n                    \"disabled\": false\n                },\n                \"data\": {},\n                \"parent\": \"#\",\n                \"type\": \"folder-open\"\n            }]', '20200529', '162923', '20200529162923');
INSERT INTO `MENU` VALUES ('202005291630240482', '202005291630240473', '[{\n                \"id\": \"ajson2\",\n                \"text\": \"ALL\",\n                \"icon\": \"img/icon/folder_open.png\",\n                \"li_attr\": {\n                    \"id\": \"ajson2\"\n                },\n                \"a_attr\": {\n                    \"href\": \"#\",\n                    \"id\": \"ajson2_anchor\"\n                },\n                \"state\": {\n                    \"loaded\": true,\n                    \"opened\": true,\n                    \"selected\": true,\n                    \"disabled\": false\n                },\n                \"data\": {},\n                \"parent\": \"#\",\n                \"type\": \"folder-open\"\n            }]', '20200529', '163024', '20200529163024');
INSERT INTO `MENU` VALUES ('202005291632570414', '202005291632570405', '[{\n                \"id\": \"ajson2\",\n                \"text\": \"ALL\",\n                \"icon\": \"img/icon/folder_open.png\",\n                \"li_attr\": {\n                    \"id\": \"ajson2\"\n                },\n                \"a_attr\": {\n                    \"href\": \"#\",\n                    \"id\": \"ajson2_anchor\"\n                },\n                \"state\": {\n                    \"loaded\": true,\n                    \"opened\": true,\n                    \"selected\": true,\n                    \"disabled\": false\n                },\n                \"data\": {},\n                \"parent\": \"#\",\n                \"type\": \"folder-open\"\n            }]', '20200529', '163257', '20200529163257');
INSERT INTO `MENU` VALUES ('202006021408070442', '202006021408060884', '[{\n                \"id\": \"ajson2\",\n                \"text\": \"ALL\",\n                \"icon\": \"img/icon/folder_open.png\",\n                \"li_attr\": {\n                    \"id\": \"ajson2\"\n                },\n                \"a_attr\": {\n                    \"href\": \"#\",\n                    \"id\": \"ajson2_anchor\"\n                },\n                \"state\": {\n                    \"loaded\": true,\n                    \"opened\": true,\n                    \"selected\": true,\n                    \"disabled\": false\n                },\n                \"data\": {},\n                \"parent\": \"#\",\n                \"type\": \"folder-open\"\n            }]', '20200602', '140806', '20200602140806');
INSERT INTO `MENU` VALUES ('202007181517230543', '202007181517230520', '[{\"id\":\"ajson2\",\"text\":\"ALL\",\"icon\":\"img/icon/folder_open.png\",\"li_attr\":{\"id\":\"ajson2\"},\"a_attr\":{\"href\":\"#\",\"id\":\"ajson2_anchor\"},\"state\":{\"loaded\":true,\"opened\":true,\"selected\":false,\"disabled\":false},\"data\":{},\"parent\":\"#\",\"type\":\"folder-open\"},{\"id\":\"j1_1\",\"text\":\"1\",\"icon\":\"img/icon/folder_open.png\",\"li_attr\":{\"id\":\"j1_1\"},\"a_attr\":{\"href\":\"#\",\"id\":\"j1_1_anchor\"},\"state\":{\"loaded\":true,\"opened\":true,\"selected\":false,\"disabled\":false},\"data\":{},\"parent\":\"ajson2\",\"type\":\"folder-open\"},{\"id\":\"j1_2\",\"text\":\"2\",\"icon\":\"img/icon/folder_close.png\",\"li_attr\":{\"id\":\"j1_2\"},\"a_attr\":{\"href\":\"#\",\"id\":\"j1_2_anchor\"},\"state\":{\"loaded\":true,\"opened\":false,\"selected\":false,\"disabled\":false},\"data\":{},\"parent\":\"j1_1\",\"type\":\"folder-close\"},{\"id\":\"j1_3\",\"text\":\"444\",\"icon\":\"img/icon/folder_open.png\",\"li_attr\":{\"id\":\"j1_3\"},\"a_attr\":{\"href\":\"#\",\"id\":\"j1_3_anchor\"},\"state\":{\"loaded\":true,\"opened\":true,\"selected\":false,\"disabled\":false},\"data\":{},\"parent\":\"j1_1\",\"type\":\"folder-open\"},{\"id\":\"j1_5\",\"text\":\"5\",\"icon\":\"img/icon/folder_open.png\",\"li_attr\":{\"id\":\"j1_5\"},\"a_attr\":{\"href\":\"#\",\"id\":\"j1_5_anchor\"},\"state\":{\"loaded\":true,\"opened\":true,\"selected\":false,\"disabled\":false},\"data\":{},\"parent\":\"j1_3\",\"type\":\"folder-open\"},{\"id\":\"j1_6\",\"text\":\"6\",\"icon\":\"img/icon/folder_open.png\",\"li_attr\":{\"id\":\"j1_6\"},\"a_attr\":{\"href\":\"#\",\"id\":\"j1_6_anchor\"},\"state\":{\"loaded\":true,\"opened\":true,\"selected\":false,\"disabled\":false},\"data\":{},\"parent\":\"j1_5\",\"type\":\"folder-open\"},{\"id\":\"j1_7\",\"text\":\"7iu\",\"icon\":\"img/icon/folder_open.png\",\"li_attr\":{\"id\":\"j1_7\"},\"a_attr\":{\"href\":\"#\",\"id\":\"j1_7_anchor\"},\"state\":{\"loaded\":true,\"opened\":true,\"selected\":false,\"disabled\":false},\"data\":{},\"parent\":\"j1_6\",\"type\":\"folder-open\"},{\"id\":\"j1_9\",\"text\":\"7878\",\"icon\":\"img/icon/folder_open.png\",\"li_attr\":{\"id\":\"j1_9\"},\"a_attr\":{\"href\":\"#\",\"id\":\"j1_9_anchor\"},\"state\":{\"loaded\":true,\"opened\":true,\"selected\":false,\"disabled\":false},\"data\":{},\"parent\":\"j1_7\",\"type\":\"folder-open\"},{\"id\":\"j1_10\",\"text\":\"New node\",\"icon\":\"img/icon/folder_open.png\",\"li_attr\":{\"id\":\"j1_10\"},\"a_attr\":{\"href\":\"#\",\"id\":\"j1_10_anchor\"},\"state\":{\"loaded\":true,\"opened\":false,\"selected\":true,\"disabled\":false},\"data\":{},\"parent\":\"j1_9\",\"type\":\"default\"},{\"id\":\"j1_8\",\"text\":\"9\",\"icon\":\"img/icon/folder_open.png\",\"li_attr\":{\"id\":\"j1_8\"},\"a_attr\":{\"href\":\"#\",\"id\":\"j1_8_anchor\"},\"state\":{\"loaded\":true,\"opened\":true,\"selected\":false,\"disabled\":false},\"data\":{},\"parent\":\"j1_6\",\"type\":\"folder-open\"},{\"id\":\"j1_4\",\"text\":\"New node\",\"icon\":\"img/icon/folder_open.png\",\"li_attr\":{\"id\":\"j1_4\"},\"a_attr\":{\"href\":\"#\",\"id\":\"j1_4_anchor\"},\"state\":{\"loaded\":true,\"opened\":true,\"selected\":false,\"disabled\":false},\"data\":{},\"parent\":\"j1_8\",\"type\":\"folder-open\"},{\"id\":\"j1_11\",\"text\":\"New node\",\"icon\":\"img/icon/folder_open.png\",\"li_attr\":{\"id\":\"j1_11\"},\"a_attr\":{\"href\":\"#\",\"id\":\"j1_11_anchor\"},\"state\":{\"loaded\":true,\"opened\":true,\"selected\":false,\"disabled\":false},\"data\":{},\"parent\":\"j1_4\",\"type\":\"folder-open\"},{\"id\":\"j1_12\",\"text\":\"New node\",\"icon\":\"img/icon/folder_close.png\",\"li_attr\":{\"id\":\"j1_12\"},\"a_attr\":{\"href\":\"#\",\"id\":\"j1_12_anchor\"},\"state\":{\"loaded\":true,\"opened\":false,\"selected\":false,\"disabled\":false},\"data\":{},\"parent\":\"j1_11\",\"type\":\"folder-close\"},{\"id\":\"j1_13\",\"text\":\"123\",\"icon\":\"img/icon/folder_close.png\",\"li_attr\":{\"id\":\"j1_13\"},\"a_attr\":{\"href\":\"#\",\"id\":\"j1_13_anchor\"},\"state\":{\"loaded\":true,\"opened\":false,\"selected\":false,\"disabled\":false},\"data\":{},\"parent\":\"j1_12\",\"type\":\"folder-close\"},{\"id\":\"j1_14\",\"text\":\"11\",\"icon\":\"img/icon/folder_open.png\",\"li_attr\":{\"id\":\"j1_14\"},\"a_attr\":{\"href\":\"#\",\"id\":\"j1_14_anchor\"},\"state\":{\"loaded\":true,\"opened\":true,\"selected\":false,\"disabled\":false},\"data\":{},\"parent\":\"j1_13\",\"type\":\"folder-open\"},{\"id\":\"j1_15\",\"text\":\"11\",\"icon\":\"img/icon/folder_open.png\",\"li_attr\":{\"id\":\"j1_15\"},\"a_attr\":{\"href\":\"#\",\"id\":\"j1_15_anchor\"},\"state\":{\"loaded\":true,\"opened\":true,\"selected\":false,\"disabled\":false},\"data\":{},\"parent\":\"j1_14\",\"type\":\"folder-open\"},{\"id\":\"j1_16\",\"text\":\"12\",\"icon\":\"img/icon/folder_open.png\",\"li_attr\":{\"id\":\"j1_16\"},\"a_attr\":{\"href\":\"#\",\"id\":\"j1_16_anchor\"},\"state\":{\"loaded\":true,\"opened\":true,\"selected\":false,\"disabled\":false},\"data\":{},\"parent\":\"j1_15\",\"type\":\"folder-open\"},{\"id\":\"j1_17\",\"text\":\"13\",\"icon\":\"img/icon/folder_open.png\",\"li_attr\":{\"id\":\"j1_17\"},\"a_attr\":{\"href\":\"#\",\"id\":\"j1_17_anchor\"},\"state\":{\"loaded\":true,\"opened\":true,\"selected\":false,\"disabled\":false},\"data\":{},\"parent\":\"j1_16\",\"type\":\"folder-open\"},{\"id\":\"j1_18\",\"text\":\"15\",\"icon\":\"img/icon/folder_close.png\",\"li_attr\":{\"id\":\"j1_18\"},\"a_attr\":{\"href\":\"#\",\"id\":\"j1_18_anchor\"},\"state\":{\"loaded\":true,\"opened\":false,\"selected\":false,\"disabled\":false},\"data\":{},\"parent\":\"j1_17\",\"type\":\"folder-close\"},{\"id\":\"j1_19\",\"text\":\"122\",\"icon\":\"img/icon/folder_open.png\",\"li_attr\":{\"id\":\"j1_19\"},\"a_attr\":{\"href\":\"#\",\"id\":\"j1_19_anchor\"},\"state\":{\"loaded\":true,\"opened\":false,\"selected\":false,\"disabled\":false},\"data\":{},\"parent\":\"j1_18\",\"type\":\"default\"}]', '20200916', '164432', '20200718151723');
INSERT INTO `MENU` VALUES ('202007291041530775', '202007291041530759', '[{\n                \"id\": \"ajson2\",\n                \"text\": \"ALL\",\n                \"icon\": \"img/icon/folder_open.png\",\n                \"li_attr\": {\n                    \"id\": \"ajson2\"\n                },\n                \"a_attr\": {\n                    \"href\": \"#\",\n                    \"id\": \"ajson2_anchor\"\n                },\n                \"state\": {\n                    \"loaded\": true,\n                    \"opened\": true,\n                    \"selected\": true,\n                    \"disabled\": false\n                },\n                \"data\": {},\n                \"parent\": \"#\",\n                \"type\": \"folder-open\"\n            }]', '20200829', '104153', '20200829104153');
INSERT INTO `MENU` VALUES ('202007291045070446', '202007291045070432', '[{\n                \"id\": \"ajson2\",\n                \"text\": \"ALL\",\n                \"icon\": \"img/icon/folder_open.png\",\n                \"li_attr\": {\n                    \"id\": \"ajson2\"\n                },\n                \"a_attr\": {\n                    \"href\": \"#\",\n                    \"id\": \"ajson2_anchor\"\n                },\n                \"state\": {\n                    \"loaded\": true,\n                    \"opened\": true,\n                    \"selected\": true,\n                    \"disabled\": false\n                },\n                \"data\": {},\n                \"parent\": \"#\",\n                \"type\": \"folder-open\"\n            }]', '20200829', '104507', '20200829104507');
INSERT INTO `MENU` VALUES ('202007291046250228', '202007291046250217', '[{\n                \"id\": \"ajson2\",\n                \"text\": \"ALL\",\n                \"icon\": \"img/icon/folder_open.png\",\n                \"li_attr\": {\n                    \"id\": \"ajson2\"\n                },\n                \"a_attr\": {\n                    \"href\": \"#\",\n                    \"id\": \"ajson2_anchor\"\n                },\n                \"state\": {\n                    \"loaded\": true,\n                    \"opened\": true,\n                    \"selected\": true,\n                    \"disabled\": false\n                },\n                \"data\": {},\n                \"parent\": \"#\",\n                \"type\": \"folder-open\"\n            }]', '20200829', '104625', '20200829104625');
INSERT INTO `MENU` VALUES ('202008010643040456', '202008010643030661', '[{\n                \"id\": \"ajson2\",\n                \"text\": \"ALL\",\n                \"icon\": \"img/icon/folder_open.png\",\n                \"li_attr\": {\n                    \"id\": \"ajson2\"\n                },\n                \"a_attr\": {\n                    \"href\": \"#\",\n                    \"id\": \"ajson2_anchor\"\n                },\n                \"state\": {\n                    \"loaded\": true,\n                    \"opened\": true,\n                    \"selected\": true,\n                    \"disabled\": false\n                },\n                \"data\": {},\n                \"parent\": \"#\",\n                \"type\": \"folder-open\"\n            }]', '20200901', '064303', '20200901064303');
INSERT INTO `MENU` VALUES ('202008010646150547', '202008010646150064', '[{\n                \"id\": \"ajson2\",\n                \"text\": \"ALL\",\n                \"icon\": \"img/icon/folder_open.png\",\n                \"li_attr\": {\n                    \"id\": \"ajson2\"\n                },\n                \"a_attr\": {\n                    \"href\": \"#\",\n                    \"id\": \"ajson2_anchor\"\n                },\n                \"state\": {\n                    \"loaded\": true,\n                    \"opened\": true,\n                    \"selected\": true,\n                    \"disabled\": false\n                },\n                \"data\": {},\n                \"parent\": \"#\",\n                \"type\": \"folder-open\"\n            }]', '20200901', '064615', '20200901064615');
INSERT INTO `MENU` VALUES ('202008171523130858', '100324242456731592569', '[{\"id\":\"ajson2\",\"text\":\"ALL\",\"icon\":\"img/icon/folder_open.png\",\"li_attr\":{\"id\":\"ajson2\"},\"a_attr\":{\"href\":\"#\",\"id\":\"ajson2_anchor\"},\"state\":{\"loaded\":true,\"opened\":true,\"selected\":true,\"disabled\":false},\"data\":{},\"parent\":\"#\",\"type\":\"folder-open\"},{\"id\":\"202008171523130858_202009301115110166___j1_1\",\"text\":\"dfgdfg\",\"icon\":\"img/icon/folder_open.png\",\"li_attr\":{\"id\":\"202008171523130858_202009301115110166___j1_1\"},\"a_attr\":{\"href\":\"#\",\"id\":\"j1_1_anchor\"},\"state\":{\"loaded\":true,\"opened\":false,\"selected\":false,\"disabled\":false},\"data\":{},\"parent\":\"ajson2\",\"type\":\"default\"}]', '20200930', '111520', '20200917152313');
INSERT INTO `MENU` VALUES ('202008162222330796', '113486759599812914431', '[{\"id\":\"ajson2\",\"text\":\"ALL\",\"icon\":\"img/icon/folder_open.png\",\"li_attr\":{\"id\":\"ajson2\"},\"a_attr\":{\"href\":\"#\",\"id\":\"ajson2_anchor\"},\"state\":{\"loaded\":true,\"opened\":true,\"selected\":false,\"disabled\":false},\"data\":{},\"parent\":\"#\",\"type\":\"folder-open\"},{\"id\":\"202008162222330796_202009170012280907___j1_3\",\"text\":\"1\",\"icon\":\"img/icon/folder_open.png\",\"li_attr\":{\"id\":\"202008162222330796_202009170012280907___j1_3\"},\"a_attr\":{\"href\":\"#\",\"id\":\"j1_3_anchor\"},\"state\":{\"loaded\":true,\"opened\":false,\"selected\":false,\"disabled\":false},\"data\":{},\"parent\":\"ajson2\",\"type\":\"default\"},{\"id\":\"202008162222330796_202009170012390564___j1_4\",\"text\":\"2\",\"icon\":\"img/icon/folder_open.png\",\"li_attr\":{\"id\":\"202008162222330796_202009170012390564___j1_4\"},\"a_attr\":{\"href\":\"#\",\"id\":\"j1_4_anchor\"},\"state\":{\"loaded\":true,\"opened\":true,\"selected\":false,\"disabled\":false},\"data\":{},\"parent\":\"ajson2\",\"type\":\"folder-open\"},{\"id\":\"202008162222330796_202009170012430051___j1_5\",\"text\":\"3\",\"icon\":\"img/icon/folder_open.png\",\"li_attr\":{\"id\":\"202008162222330796_202009170012430051___j1_5\"},\"a_attr\":{\"href\":\"#\",\"id\":\"202008162222330796_202009170012430051___j1_5_anchor\"},\"state\":{\"loaded\":true,\"opened\":true,\"selected\":false,\"disabled\":false},\"data\":{},\"parent\":\"202008162222330796_202009170012390564___j1_4\",\"type\":\"folder-open\"},{\"id\":\"202008162222330796_202009170012500371___j1_6\",\"text\":\"4\",\"icon\":\"img/icon/folder_open.png\",\"li_attr\":{\"id\":\"202008162222330796_202009170012500371___j1_6\"},\"a_attr\":{\"href\":\"#\",\"id\":\"202008162222330796_202009170012500371___j1_6_anchor\"},\"state\":{\"loaded\":true,\"opened\":true,\"selected\":false,\"disabled\":false},\"data\":{},\"parent\":\"202008162222330796_202009170012430051___j1_5\",\"type\":\"folder-open\"},{\"id\":\"202008162222330796_202009170012530851___j1_7\",\"text\":\"5\",\"icon\":\"img/icon/folder_open.png\",\"li_attr\":{\"id\":\"202008162222330796_202009170012530851___j1_7\"},\"a_attr\":{\"href\":\"#\",\"id\":\"202008162222330796_202009170012530851___j1_7_anchor\"},\"state\":{\"loaded\":true,\"opened\":false,\"selected\":false,\"disabled\":false},\"data\":{},\"parent\":\"202008162222330796_202009170012500371___j1_6\",\"type\":\"default\"},{\"id\":\"202008162222330796_202009170012570035___j1_8\",\"text\":\"6\",\"icon\":\"img/icon/folder_open.png\",\"li_attr\":{\"id\":\"202008162222330796_202009170012570035___j1_8\"},\"a_attr\":{\"href\":\"#\",\"id\":\"j1_8_anchor\"},\"state\":{\"loaded\":true,\"opened\":true,\"selected\":false,\"disabled\":false},\"data\":{},\"parent\":\"202008162222330796_202009170012500371___j1_6\",\"type\":\"folder-open\"},{\"id\":\"202008162222330796_202009170013100867___j1_11\",\"text\":\"9\",\"icon\":\"img/icon/folder_open.png\",\"li_attr\":{\"id\":\"202008162222330796_202009170013100867___j1_11\"},\"a_attr\":{\"href\":\"#\",\"id\":\"202008162222330796_202009170013100867___j1_11_anchor\"},\"state\":{\"loaded\":true,\"opened\":true,\"selected\":false,\"disabled\":false},\"data\":{},\"parent\":\"202008162222330796_202009170012570035___j1_8\",\"type\":\"folder-open\"},{\"id\":\"202008162222330796_202009170013130243___j1_12\",\"text\":\"10\",\"icon\":\"img/icon/folder_open.png\",\"li_attr\":{\"id\":\"202008162222330796_202009170013130243___j1_12\"},\"a_attr\":{\"href\":\"#\",\"id\":\"202008162222330796_202009170013130243___j1_12_anchor\"},\"state\":{\"loaded\":true,\"opened\":false,\"selected\":false,\"disabled\":false},\"data\":{},\"parent\":\"202008162222330796_202009170013100867___j1_11\",\"type\":\"default\"},{\"id\":\"202008162222330796_202009170013010804___j1_9\",\"text\":\"7\",\"icon\":\"img/icon/folder_close.png\",\"li_attr\":{\"id\":\"202008162222330796_202009170013010804___j1_9\"},\"a_attr\":{\"href\":\"#\",\"id\":\"j1_9_anchor\"},\"state\":{\"loaded\":true,\"opened\":false,\"selected\":false,\"disabled\":false},\"data\":{},\"parent\":\"202008162222330796_202009170012500371___j1_6\",\"type\":\"folder-close\"},{\"id\":\"202008162222330796_202009231519300486___j1_1\",\"text\":\"8\",\"icon\":\"img/icon/folder_open.png\",\"li_attr\":{\"id\":\"202008162222330796_202009231519300486___j1_1\"},\"a_attr\":{\"href\":\"#\",\"id\":\"j1_1_anchor\"},\"state\":{\"loaded\":true,\"opened\":true,\"selected\":false,\"disabled\":false},\"data\":{},\"parent\":\"202008162222330796_202009170013010804___j1_9\",\"type\":\"folder-open\"},{\"id\":\"202008162222330796_202009291744590402___j1_1\",\"text\":\"new1\",\"icon\":\"img/icon/folder_open.png\",\"li_attr\":{\"id\":\"202008162222330796_202009291744590402___j1_1\"},\"a_attr\":{\"href\":\"#\",\"id\":\"202008162222330796_202009291744590402___j1_1_anchor\"},\"state\":{\"loaded\":true,\"opened\":false,\"selected\":false,\"disabled\":false},\"data\":{},\"parent\":\"202008162222330796_202009231519300486___j1_1\",\"type\":\"default\"},{\"id\":\"202008162222330796_202010011509580993___j1_1\",\"text\":\"MY_JOB\",\"icon\":\"img/icon/folder_close.png\",\"li_attr\":{\"id\":\"202008162222330796_202010011509580993___j1_1\"},\"a_attr\":{\"href\":\"#\",\"id\":\"j1_1_anchor\"},\"state\":{\"loaded\":true,\"opened\":false,\"selected\":true,\"disabled\":false},\"data\":{},\"parent\":\"ajson2\",\"type\":\"folder-close\"}]', '20201020', '142336', '20200916222233');
INSERT INTO `MENU` VALUES ('202008171049480974', '117977997905031416912', '[{\n                            \"id\": \"ajson2\",\n                            \"text\": \"ALL\",\n                            \"icon\": \"img/icon/folder_open.png\",\n                            \"li_attr\": {\n                                \"id\": \"ajson2\"\n                            },\n                            \"a_attr\": {\n                                \"href\": \"#\",\n                                \"id\": \"ajson2_anchor\"\n                            },\n                            \"state\": {\n                                \"loaded\": true,\n                                \"opened\": true,\n                                \"selected\": true,\n                                \"disabled\": false\n                            },\n                            \"data\": {},\n                            \"parent\": \"#\",\n                            \"type\": \"folder-open\"\n                        }]', '20200917', '104948', '20200917104948');
INSERT INTO `MENU` VALUES ('202008171539230221', '100506614869167645076', '[{\n                            \"id\": \"ajson2\",\n                            \"text\": \"ALL\",\n                            \"icon\": \"img/icon/folder_open.png\",\n                            \"li_attr\": {\n                                \"id\": \"ajson2\"\n                            },\n                            \"a_attr\": {\n                                \"href\": \"#\",\n                                \"id\": \"ajson2_anchor\"\n                            },\n                            \"state\": {\n                                \"loaded\": true,\n                                \"opened\": true,\n                                \"selected\": true,\n                                \"disabled\": false\n                            },\n                            \"data\": {},\n                            \"parent\": \"#\",\n                            \"type\": \"folder-open\"\n                        }]', '20200917', '153923', '20200917153923');
INSERT INTO `MENU` VALUES ('202008172238410398', '106514682865442059423', '[{\n                            \"id\": \"ajson2\",\n                            \"text\": \"ALL\",\n                            \"icon\": \"img/icon/folder_open.png\",\n                            \"li_attr\": {\n                                \"id\": \"ajson2\"\n                            },\n                            \"a_attr\": {\n                                \"href\": \"#\",\n                                \"id\": \"ajson2_anchor\"\n                            },\n                            \"state\": {\n                                \"loaded\": true,\n                                \"opened\": true,\n                                \"selected\": true,\n                                \"disabled\": false\n                            },\n                            \"data\": {},\n                            \"parent\": \"#\",\n                            \"type\": \"folder-open\"\n                        }]', '20200917', '223841', '20200917223841');
INSERT INTO `MENU` VALUES ('202008240959330686', '115884274735888505742', '[{\n                            \"id\": \"ajson2\",\n                            \"text\": \"ALL\",\n                            \"icon\": \"img/icon/folder_open.png\",\n                            \"li_attr\": {\n                                \"id\": \"ajson2\"\n                            },\n                            \"a_attr\": {\n                                \"href\": \"#\",\n                                \"id\": \"ajson2_anchor\"\n                            },\n                            \"state\": {\n                                \"loaded\": true,\n                                \"opened\": true,\n                                \"selected\": true,\n                                \"disabled\": false\n                            },\n                            \"data\": {},\n                            \"parent\": \"#\",\n                            \"type\": \"folder-open\"\n                        }]', '20200924', '095933', '20200924095933');
INSERT INTO `MENU` VALUES ('202008221726270333', '113137136527929851498', '[{\n                            \"id\": \"ajson2\",\n                            \"text\": \"ALL\",\n                            \"icon\": \"img/icon/folder_open.png\",\n                            \"li_attr\": {\n                                \"id\": \"ajson2\"\n                            },\n                            \"a_attr\": {\n                                \"href\": \"#\",\n                                \"id\": \"ajson2_anchor\"\n                            },\n                            \"state\": {\n                                \"loaded\": true,\n                                \"opened\": true,\n                                \"selected\": true,\n                                \"disabled\": false\n                            },\n                            \"data\": {},\n                            \"parent\": \"#\",\n                            \"type\": \"folder-open\"\n                        }]', '20200922', '172627', '20200922172627');
INSERT INTO `MENU` VALUES ('202008191824570421', '113559615388672250089', '[{\n                            \"id\": \"ajson2\",\n                            \"text\": \"ALL\",\n                            \"icon\": \"img/icon/folder_open.png\",\n                            \"li_attr\": {\n                                \"id\": \"ajson2\"\n                            },\n                            \"a_attr\": {\n                                \"href\": \"#\",\n                                \"id\": \"ajson2_anchor\"\n                            },\n                            \"state\": {\n                                \"loaded\": true,\n                                \"opened\": true,\n                                \"selected\": true,\n                                \"disabled\": false\n                            },\n                            \"data\": {},\n                            \"parent\": \"#\",\n                            \"type\": \"folder-open\"\n                        }]', '20200919', '182457', '20200919182457');
INSERT INTO `MENU` VALUES ('202008250930290853', '107464133259941824802', '[{\n                            \"id\": \"ajson2\",\n                            \"text\": \"ALL\",\n                            \"icon\": \"img/icon/folder_open.png\",\n                            \"li_attr\": {\n                                \"id\": \"ajson2\"\n                            },\n                            \"a_attr\": {\n                                \"href\": \"#\",\n                                \"id\": \"ajson2_anchor\"\n                            },\n                            \"state\": {\n                                \"loaded\": true,\n                                \"opened\": true,\n                                \"selected\": true,\n                                \"disabled\": false\n                            },\n                            \"data\": {},\n                            \"parent\": \"#\",\n                            \"type\": \"folder-open\"\n                        }]', '20200925', '093029', '20200925093029');
INSERT INTO `MENU` VALUES ('202008271937570079', '100324242456731592569', '[{\n                            \"id\": \"ajson2\",\n                            \"text\": \"ALL\",\n                            \"icon\": \"img/icon/folder_open.png\",\n                            \"li_attr\": {\n                                \"id\": \"ajson2\"\n                            },\n                            \"a_attr\": {\n                                \"href\": \"#\",\n                                \"id\": \"ajson2_anchor\"\n                            },\n                            \"state\": {\n                                \"loaded\": true,\n                                \"opened\": true,\n                                \"selected\": true,\n                                \"disabled\": false\n                            },\n                            \"data\": {},\n                            \"parent\": \"#\",\n                            \"type\": \"folder-open\"\n                        }]', '20200927', '193757', '20200927193757');
INSERT INTO `MENU` VALUES ('202008271939370179', '100324242456731592569', '[{\n                            \"id\": \"ajson2\",\n                            \"text\": \"ALL\",\n                            \"icon\": \"img/icon/folder_open.png\",\n                            \"li_attr\": {\n                                \"id\": \"ajson2\"\n                            },\n                            \"a_attr\": {\n                                \"href\": \"#\",\n                                \"id\": \"ajson2_anchor\"\n                            },\n                            \"state\": {\n                                \"loaded\": true,\n                                \"opened\": true,\n                                \"selected\": true,\n                                \"disabled\": false\n                            },\n                            \"data\": {},\n                            \"parent\": \"#\",\n                            \"type\": \"folder-open\"\n                        }]', '20200927', '193937', '20200927193937');
INSERT INTO `MENU` VALUES ('202008271941500703', '100324242456731592569', '[{\n                            \"id\": \"ajson2\",\n                            \"text\": \"ALL\",\n                            \"icon\": \"img/icon/folder_open.png\",\n                            \"li_attr\": {\n                                \"id\": \"ajson2\"\n                            },\n                            \"a_attr\": {\n                                \"href\": \"#\",\n                                \"id\": \"ajson2_anchor\"\n                            },\n                            \"state\": {\n                                \"loaded\": true,\n                                \"opened\": true,\n                                \"selected\": true,\n                                \"disabled\": false\n                            },\n                            \"data\": {},\n                            \"parent\": \"#\",\n                            \"type\": \"folder-open\"\n                        }]', '20200927', '194150', '20200927194150');
INSERT INTO `MENU` VALUES ('202008271942490871', '100324242456731592569', '[{\n                            \"id\": \"ajson2\",\n                            \"text\": \"ALL\",\n                            \"icon\": \"img/icon/folder_open.png\",\n                            \"li_attr\": {\n                                \"id\": \"ajson2\"\n                            },\n                            \"a_attr\": {\n                                \"href\": \"#\",\n                                \"id\": \"ajson2_anchor\"\n                            },\n                            \"state\": {\n                                \"loaded\": true,\n                                \"opened\": true,\n                                \"selected\": true,\n                                \"disabled\": false\n                            },\n                            \"data\": {},\n                            \"parent\": \"#\",\n                            \"type\": \"folder-open\"\n                        }]', '20200927', '194249', '20200927194249');
INSERT INTO `MENU` VALUES ('202008271943240375', '113486759599812914431', '[{\n                            \"id\": \"ajson2\",\n                            \"text\": \"ALL\",\n                            \"icon\": \"img/icon/folder_open.png\",\n                            \"li_attr\": {\n                                \"id\": \"ajson2\"\n                            },\n                            \"a_attr\": {\n                                \"href\": \"#\",\n                                \"id\": \"ajson2_anchor\"\n                            },\n                            \"state\": {\n                                \"loaded\": true,\n                                \"opened\": true,\n                                \"selected\": true,\n                                \"disabled\": false\n                            },\n                            \"data\": {},\n                            \"parent\": \"#\",\n                            \"type\": \"folder-open\"\n                        }]', '20200927', '194324', '20200927194324');
INSERT INTO `MENU` VALUES ('202008271944200664', '113486759599812914431', '[{\n                            \"id\": \"ajson2\",\n                            \"text\": \"ALL\",\n                            \"icon\": \"img/icon/folder_open.png\",\n                            \"li_attr\": {\n                                \"id\": \"ajson2\"\n                            },\n                            \"a_attr\": {\n                                \"href\": \"#\",\n                                \"id\": \"ajson2_anchor\"\n                            },\n                            \"state\": {\n                                \"loaded\": true,\n                                \"opened\": true,\n                                \"selected\": true,\n                                \"disabled\": false\n                            },\n                            \"data\": {},\n                            \"parent\": \"#\",\n                            \"type\": \"folder-open\"\n                        }]', '20200927', '194420', '20200927194420');
INSERT INTO `MENU` VALUES ('202008271958410411', '113486759599812914431', '[{\n                            \"id\": \"ajson2\",\n                            \"text\": \"ALL\",\n                            \"icon\": \"img/icon/folder_open.png\",\n                            \"li_attr\": {\n                                \"id\": \"ajson2\"\n                            },\n                            \"a_attr\": {\n                                \"href\": \"#\",\n                                \"id\": \"ajson2_anchor\"\n                            },\n                            \"state\": {\n                                \"loaded\": true,\n                                \"opened\": true,\n                                \"selected\": true,\n                                \"disabled\": false\n                            },\n                            \"data\": {},\n                            \"parent\": \"#\",\n                            \"type\": \"folder-open\"\n                        }]', '20200927', '195841', '20200927195841');
INSERT INTO `MENU` VALUES ('202008272001100947', '113486759599812914431', '[{\n                            \"id\": \"ajson2\",\n                            \"text\": \"ALL\",\n                            \"icon\": \"img/icon/folder_open.png\",\n                            \"li_attr\": {\n                                \"id\": \"ajson2\"\n                            },\n                            \"a_attr\": {\n                                \"href\": \"#\",\n                                \"id\": \"ajson2_anchor\"\n                            },\n                            \"state\": {\n                                \"loaded\": true,\n                                \"opened\": true,\n                                \"selected\": true,\n                                \"disabled\": false\n                            },\n                            \"data\": {},\n                            \"parent\": \"#\",\n                            \"type\": \"folder-open\"\n                        }]', '20200927', '200110', '20200927200110');
INSERT INTO `MENU` VALUES ('202008272256190204', '113486759599812914431', '[{\n                            \"id\": \"ajson2\",\n                            \"text\": \"ALL\",\n                            \"icon\": \"img/icon/folder_open.png\",\n                            \"li_attr\": {\n                                \"id\": \"ajson2\"\n                            },\n                            \"a_attr\": {\n                                \"href\": \"#\",\n                                \"id\": \"ajson2_anchor\"\n                            },\n                            \"state\": {\n                                \"loaded\": true,\n                                \"opened\": true,\n                                \"selected\": true,\n                                \"disabled\": false\n                            },\n                            \"data\": {},\n                            \"parent\": \"#\",\n                            \"type\": \"folder-open\"\n                        }]', '20200927', '225619', '20200927225619');
INSERT INTO `MENU` VALUES ('202008281443120185', '100324242456731592569', '[{\n                            \"id\": \"ajson2\",\n                            \"text\": \"ALL\",\n                            \"icon\": \"img/icon/folder_open.png\",\n                            \"li_attr\": {\n                                \"id\": \"ajson2\"\n                            },\n                            \"a_attr\": {\n                                \"href\": \"#\",\n                                \"id\": \"ajson2_anchor\"\n                            },\n                            \"state\": {\n                                \"loaded\": true,\n                                \"opened\": true,\n                                \"selected\": true,\n                                \"disabled\": false\n                            },\n                            \"data\": {},\n                            \"parent\": \"#\",\n                            \"type\": \"folder-open\"\n                        }]', '20200928', '144312', '20200928144312');
INSERT INTO `MENU` VALUES ('202008281241220524', '113608011513675196929', '[{\n                            \"id\": \"ajson2\",\n                            \"text\": \"ALL\",\n                            \"icon\": \"img/icon/folder_open.png\",\n                            \"li_attr\": {\n                                \"id\": \"ajson2\"\n                            },\n                            \"a_attr\": {\n                                \"href\": \"#\",\n                                \"id\": \"ajson2_anchor\"\n                            },\n                            \"state\": {\n                                \"loaded\": true,\n                                \"opened\": true,\n                                \"selected\": true,\n                                \"disabled\": false\n                            },\n                            \"data\": {},\n                            \"parent\": \"#\",\n                            \"type\": \"folder-open\"\n                        }]', '20200928', '124122', '20200928124122');
INSERT INTO `MENU` VALUES ('202008281245540891', '111659080796612880862', '[{\n                            \"id\": \"ajson2\",\n                            \"text\": \"ALL\",\n                            \"icon\": \"img/icon/folder_open.png\",\n                            \"li_attr\": {\n                                \"id\": \"ajson2\"\n                            },\n                            \"a_attr\": {\n                                \"href\": \"#\",\n                                \"id\": \"ajson2_anchor\"\n                            },\n                            \"state\": {\n                                \"loaded\": true,\n                                \"opened\": true,\n                                \"selected\": true,\n                                \"disabled\": false\n                            },\n                            \"data\": {},\n                            \"parent\": \"#\",\n                            \"type\": \"folder-open\"\n                        }]', '20200928', '124554', '20200928124554');
INSERT INTO `MENU` VALUES ('202008291508010275', '117056945648337059975', '[{\n                            \"id\": \"ajson2\",\n                            \"text\": \"ALL\",\n                            \"icon\": \"img/icon/folder_open.png\",\n                            \"li_attr\": {\n                                \"id\": \"ajson2\"\n                            },\n                            \"a_attr\": {\n                                \"href\": \"#\",\n                                \"id\": \"ajson2_anchor\"\n                            },\n                            \"state\": {\n                                \"loaded\": true,\n                                \"opened\": true,\n                                \"selected\": true,\n                                \"disabled\": false\n                            },\n                            \"data\": {},\n                            \"parent\": \"#\",\n                            \"type\": \"folder-open\"\n                        }]', '20200929', '150801', '20200929150801');

-- ----------------------------
-- Table structure for M_KEEP
-- ----------------------------
DROP TABLE IF EXISTS `M_KEEP`;
CREATE TABLE `M_KEEP`  (
  `id_user` decimal(20, 0) NOT NULL,
  `id_authority` decimal(20, 0) NOT NULL,
  `id_task` decimal(20, 0) NOT NULL,
  `updatetime` bigint(10) NULL DEFAULT NULL,
  `updatedate` bigint(10) NULL DEFAULT NULL
) ENGINE = MyISAM CHARACTER SET = latin1 COLLATE = latin1_swedish_ci ROW_FORMAT = Fixed;

-- ----------------------------
-- Records of M_KEEP
-- ----------------------------
INSERT INTO `M_KEEP` VALUES (1, 1, 1, NULL, NULL);

-- ----------------------------
-- Table structure for TASK
-- ----------------------------
DROP TABLE IF EXISTS `TASK`;
CREATE TABLE `TASK`  (
  `id` varchar(20) CHARACTER SET latin1 COLLATE latin1_swedish_ci NOT NULL,
  `creator_userid` varchar(20) CHARACTER SET latin1 COLLATE latin1_swedish_ci NOT NULL,
  `descript` text CHARACTER SET utf8 COLLATE utf8_unicode_ci NULL,
  `updatedate` varchar(8) CHARACTER SET latin1 COLLATE latin1_swedish_ci NOT NULL,
  `updatetime` varchar(6) CHARACTER SET latin1 COLLATE latin1_swedish_ci NOT NULL,
  `create_datetime` varchar(15) CHARACTER SET latin1 COLLATE latin1_swedish_ci NOT NULL,
  PRIMARY KEY (`id`, `creator_userid`) USING BTREE
) ENGINE = MyISAM CHARACTER SET = latin1 COLLATE = latin1_swedish_ci ROW_FORMAT = Dynamic;

-- ----------------------------
-- Records of TASK
-- ----------------------------
INSERT INTO `TASK` VALUES ('12121212', 'John', 'Doe', '121212', '331212', '33333');

-- ----------------------------
-- Table structure for TASK_GROUP
-- ----------------------------
DROP TABLE IF EXISTS `TASK_GROUP`;
CREATE TABLE `TASK_GROUP`  (
  `id` varchar(20) CHARACTER SET latin1 COLLATE latin1_swedish_ci NOT NULL,
  `creator_id` varchar(30) CHARACTER SET latin1 COLLATE latin1_swedish_ci NULL DEFAULT NULL,
  `title_id` varchar(60) CHARACTER SET latin1 COLLATE latin1_swedish_ci NULL DEFAULT NULL,
  `folder_id` varchar(60) CHARACTER SET latin1 COLLATE latin1_swedish_ci NULL DEFAULT NULL,
  `group_name` varchar(100) CHARACTER SET utf8 COLLATE utf8_unicode_ci NULL DEFAULT NULL,
  `updatedate` varchar(8) CHARACTER SET latin1 COLLATE latin1_swedish_ci NULL DEFAULT NULL,
  `updatetime` varchar(6) CHARACTER SET latin1 COLLATE latin1_swedish_ci NULL DEFAULT NULL,
  `create_datetime` varchar(14) CHARACTER SET latin1 COLLATE latin1_swedish_ci NULL DEFAULT NULL
) ENGINE = MyISAM CHARACTER SET = latin1 COLLATE = latin1_swedish_ci ROW_FORMAT = Dynamic;

-- ----------------------------
-- Records of TASK_GROUP
-- ----------------------------
INSERT INTO `TASK_GROUP` VALUES ('202010011637250059', '113486759599812914431', '202010011637160611', '202008162222330796_202010011509580993___j1_1', 'NOTE_1', '20201001', '163725', '20201001163725');
INSERT INTO `TASK_GROUP` VALUES ('202010011545590547', '113486759599812914431', '202009171047290171', '202008162222330796_202009170013130243___j1_12', 'nhom 3', '20201001', '154559', '20201001154559');
INSERT INTO `TASK_GROUP` VALUES ('202009292147470986', '111659080796612880862', '202009292147010544', 'ajson2', 'Alo', '20200929', '214747', '20200929214747');
INSERT INTO `TASK_GROUP` VALUES ('202009292148010596', '111659080796612880862', '202009292147010544', 'ajson2', 'Khach q10', '20200929', '214801', '20200929214801');
INSERT INTO `TASK_GROUP` VALUES ('202009292209000594', '111659080796612880862', '202009292208420361', 'ajson2', 'Test thử', '20200929', '220900', '20200929220900');
INSERT INTO `TASK_GROUP` VALUES ('202009292209200905', '111659080796612880862', '202009292208420361', 'ajson2', 'Ờ ờ', '20200929', '220920', '20200929220920');
INSERT INTO `TASK_GROUP` VALUES ('202010011149340375', '113486759599812914431', '202009200037080475', '202008162222330796_202009170013130243___j1_12', '67867', '20201001', '114934', '20201001114934');
INSERT INTO `TASK_GROUP` VALUES ('202010011545560403', '113486759599812914431', '202009171047290171', '202008162222330796_202009170013130243___j1_12', 'nhom 2', '20201001', '154556', '20201001154556');
INSERT INTO `TASK_GROUP` VALUES ('202009292147400476', '111659080796612880862', '202009292147010544', 'ajson2', 'Cham be', '20200929', '214740', '20200929214740');
INSERT INTO `TASK_GROUP` VALUES ('202009291747140702', '113486759599812914431', '202009291747060134', '202008162222330796_202009291744590402___j1_1', 'dfgdfgdfg', '20200929', '174714', '20200929174714');
INSERT INTO `TASK_GROUP` VALUES ('202009290719090072', '113486759599812914431', '202009231712390360', '202008162222330796_202009231519300486___j1_1', '67867', '20200929', '071909', '20200929071909');
INSERT INTO `TASK_GROUP` VALUES ('202009281807290159', '113486759599812914431', '202009171047290171', '202008162222330796_202009170013130243___j1_12', 'asdasdasdads', '20200928', '180729', '20200928180729');
INSERT INTO `TASK_GROUP` VALUES ('202009281731340180', '113486759599812914431', '202009170946500975', '202008162222330796_202009170013130243___j1_12', 'nhom 1', '20200928', '173134', '20200928173134');

-- ----------------------------
-- Table structure for TASK_GROUP_DETAIL
-- ----------------------------
DROP TABLE IF EXISTS `TASK_GROUP_DETAIL`;
CREATE TABLE `TASK_GROUP_DETAIL`  (
  `id` varchar(20) CHARACTER SET latin1 COLLATE latin1_swedish_ci NOT NULL,
  `creator_id` varchar(30) CHARACTER SET latin1 COLLATE latin1_swedish_ci NULL DEFAULT NULL,
  `folder_id` varchar(60) CHARACTER SET latin1 COLLATE latin1_swedish_ci NULL DEFAULT NULL,
  `title_id` varchar(20) CHARACTER SET latin1 COLLATE latin1_swedish_ci NULL DEFAULT NULL,
  `group_id` varchar(20) CHARACTER SET latin1 COLLATE latin1_swedish_ci NULL DEFAULT NULL,
  `task_grp_dtl_name` varchar(200) CHARACTER SET utf8 COLLATE utf8_unicode_ci NULL DEFAULT NULL,
  `description_general` text CHARACTER SET utf8 COLLATE utf8_unicode_ci NULL,
  `updatedate` varchar(8) CHARACTER SET latin1 COLLATE latin1_swedish_ci NULL DEFAULT NULL,
  `updatetime` varchar(6) CHARACTER SET latin1 COLLATE latin1_swedish_ci NULL DEFAULT NULL,
  `create_datetime` varchar(14) CHARACTER SET latin1 COLLATE latin1_swedish_ci NULL DEFAULT NULL
) ENGINE = MyISAM CHARACTER SET = latin1 COLLATE = latin1_swedish_ci ROW_FORMAT = Dynamic;

-- ----------------------------
-- Records of TASK_GROUP_DETAIL
-- ----------------------------
INSERT INTO `TASK_GROUP_DETAIL` VALUES ('202010011635150681', '113486759599812914431', '202008162222330796_202009170013130243___j1_12', '202009170946500975', '202009281731340180', 'cv4', NULL, '20201001', '163515', '20201001163515');
INSERT INTO `TASK_GROUP_DETAIL` VALUES ('202010011637410299', '113486759599812914431', '202008162222330796_202010011509580993___j1_1', '202010011637160611', '202010011637250059', 'NOTE', 'chi tien ', '20201002', '113532', '20201001163741');
INSERT INTO `TASK_GROUP_DETAIL` VALUES ('202010011546230546', '113486759599812914431', '202008162222330796_202009170013130243___j1_12', '202009171047290171', '202009281807290159', 'ádasd', NULL, '20201001', '154623', '20201001154623');
INSERT INTO `TASK_GROUP_DETAIL` VALUES ('202010011543400280', '113486759599812914431', '202008162222330796_202009170013130243___j1_12', '202009170946500975', '202009281731340180', 'CVB123', '', '20201012', '72609', '20201001154340');
INSERT INTO `TASK_GROUP_DETAIL` VALUES ('202010011149410463', '113486759599812914431', '202008162222330796_202009170013130243___j1_12', '202009200037080475', '202010011149340375', '1234', 'asadasdasd', '20201001', '114951', '20201001114941');
INSERT INTO `TASK_GROUP_DETAIL` VALUES ('202009301522540355', '113486759599812914431', '202008162222330796_202009170013130243___j1_12', '202009170946500975', '202009281731340180', '12123', 'sdadasdadadasdffgg\n\n', '20200930', '192910', '20200930152254');
INSERT INTO `TASK_GROUP_DETAIL` VALUES ('202009292212060961', '111659080796612880862', 'ajson2', '202009292208420361', '202009292209200905', 'Hoho', NULL, '20200929', '221206', '20200929221206');
INSERT INTO `TASK_GROUP_DETAIL` VALUES ('202009292151580357', '111659080796612880862', 'ajson2', '202009292147010544', '202009292148010596', 'Huhu', NULL, '20200929', '215158', '20200929215158');
INSERT INTO `TASK_GROUP_DETAIL` VALUES ('202009292149000813', '111659080796612880862', 'ajson2', '202009292147010544', '202009292148010596', 'Alohihi', NULL, '20200929', '214900', '20200929214900');
INSERT INTO `TASK_GROUP_DETAIL` VALUES ('202009292149350905', '111659080796612880862', 'ajson2', '202009292147010544', '202009292148010596', 'Hihi', 'Sao gửi file?', '20200929', '215111', '20200929214935');
INSERT INTO `TASK_GROUP_DETAIL` VALUES ('202009292148560326', '111659080796612880862', 'ajson2', '202009292147010544', '202009292148010596', 'Alohihi', 'Nè', '20200929', '215031', '20200929214856');
INSERT INTO `TASK_GROUP_DETAIL` VALUES ('202009291747460470', '113486759599812914431', '202008162222330796_202009291744590402___j1_1', '202009291747060134', '202009291747140702', 'asadasd', NULL, '20200929', '174746', '20200929174746');
INSERT INTO `TASK_GROUP_DETAIL` VALUES ('202009290719280780', '113486759599812914431', '202008162222330796_202009231519300486___j1_1', '202009231712390360', '202009290719090072', 'CV1', 'Cuvibuxtcjbjcgvj hxyyf,uf', '20200929', '72237', '20200929071928');
INSERT INTO `TASK_GROUP_DETAIL` VALUES ('202009281731500651', '113486759599812914431', '202008162222330796_202009170013130243___j1_12', '202009170946500975', '202009281731340180', 'nhom 1 cv 1', 'asdadadadasddsdfsdf\nsd\nfs\ndf\n', '20200928', '173308', '20200928173150');

-- ----------------------------
-- Table structure for TASK_GROUP_DETAIL_USER
-- ----------------------------
DROP TABLE IF EXISTS `TASK_GROUP_DETAIL_USER`;
CREATE TABLE `TASK_GROUP_DETAIL_USER`  (
  `id` varchar(20) CHARACTER SET latin1 COLLATE latin1_swedish_ci NOT NULL,
  `task_grp_detail_id` varchar(20) CHARACTER SET latin1 COLLATE latin1_swedish_ci NULL DEFAULT NULL,
  `user_id` varchar(30) CHARACTER SET latin1 COLLATE latin1_swedish_ci NULL DEFAULT NULL,
  `creator_id` varchar(30) CHARACTER SET latin1 COLLATE latin1_swedish_ci NULL DEFAULT NULL,
  `updatedate` varchar(8) CHARACTER SET latin1 COLLATE latin1_swedish_ci NULL DEFAULT NULL,
  `updatetime` varchar(6) CHARACTER SET latin1 COLLATE latin1_swedish_ci NULL DEFAULT NULL,
  `create_datetime` varchar(14) CHARACTER SET latin1 COLLATE latin1_swedish_ci NULL DEFAULT NULL
) ENGINE = MyISAM CHARACTER SET = latin1 COLLATE = latin1_swedish_ci ROW_FORMAT = Dynamic;

-- ----------------------------
-- Records of TASK_GROUP_DETAIL_USER
-- ----------------------------
INSERT INTO `TASK_GROUP_DETAIL_USER` VALUES ('202009292150170532', '202009292148560326', '100506614869167645076', '111659080796612880862', '20200929', '215017', '20200929215017');
INSERT INTO `TASK_GROUP_DETAIL_USER` VALUES ('202009292150170532', '202009292148560326', '106514682865442059423', '111659080796612880862', '20200929', '215017', '20200929215017');
INSERT INTO `TASK_GROUP_DETAIL_USER` VALUES ('202009292150170532', '202009292148560326', '113559615388672250089', '111659080796612880862', '20200929', '215017', '20200929215017');
INSERT INTO `TASK_GROUP_DETAIL_USER` VALUES ('202009292149000813', '202009292149000813', '113608011513675196929', '111659080796612880862', '20200929', '214900', '20200929214900');
INSERT INTO `TASK_GROUP_DETAIL_USER` VALUES ('202009292149000813', '202009292149000813', '100324242456731592569', '111659080796612880862', '20200929', '214900', '20200929214900');
INSERT INTO `TASK_GROUP_DETAIL_USER` VALUES ('202009292149000813', '202009292149000813', '113137136527929851498', '111659080796612880862', '20200929', '214900', '20200929214900');
INSERT INTO `TASK_GROUP_DETAIL_USER` VALUES ('202009292149350905', '202009292149350905', '111659080796612880862', '111659080796612880862', '20200929', '214935', '20200929214935');
INSERT INTO `TASK_GROUP_DETAIL_USER` VALUES ('202009292149350906', '202009292149350905', '113486759599812914431', '111659080796612880862', '20200929', '214935', '20200929214935');
INSERT INTO `TASK_GROUP_DETAIL_USER` VALUES ('202009291803460948', '202009291747460470', '202005282258410044', '113486759599812914431', '20200929', '180346', '20200929180346');
INSERT INTO `TASK_GROUP_DETAIL_USER` VALUES ('202009292148560327', '202009292148560326', '111659080796612880862', '111659080796612880862', '20200929', '214856', '20200929214856');
INSERT INTO `TASK_GROUP_DETAIL_USER` VALUES ('202009292148560327', '202009292148560326', '113608011513675196929', '111659080796612880862', '20200929', '214856', '20200929214856');
INSERT INTO `TASK_GROUP_DETAIL_USER` VALUES ('202010030842160294', '202009292148560326', '117056945648337059975', '113486759599812914431', '20201003', '084216', '20201003084216');
INSERT INTO `TASK_GROUP_DETAIL_USER` VALUES ('202010011546230547', '202010011546230546', '113486759599812914431', '113486759599812914431', '20201001', '154623', '20201001154623');
INSERT INTO `TASK_GROUP_DETAIL_USER` VALUES ('202010011546230547', '202010011546230546', '117056945648337059975', '113486759599812914431', '20201001', '154623', '20201001154623');
INSERT INTO `TASK_GROUP_DETAIL_USER` VALUES ('202010011543400280', '202010011543400280', '113486759599812914431', '113486759599812914431', '20201001', '154340', '20201001154340');
INSERT INTO `TASK_GROUP_DETAIL_USER` VALUES ('202010011543400280', '202010011543400280', '100324242456731592569', '113486759599812914431', '20201001', '154340', '20201001154340');
INSERT INTO `TASK_GROUP_DETAIL_USER` VALUES ('202010011543400280', '202010011543400280', '113608011513675196929', '113486759599812914431', '20201001', '154340', '20201001154340');
INSERT INTO `TASK_GROUP_DETAIL_USER` VALUES ('202010011543400280', '202010011543400280', '117056945648337059975', '113486759599812914431', '20201001', '154340', '20201001154340');
INSERT INTO `TASK_GROUP_DETAIL_USER` VALUES ('202010011635150682', '202010011635150681', '113486759599812914431', '113486759599812914431', '20201001', '163515', '20201001163515');
INSERT INTO `TASK_GROUP_DETAIL_USER` VALUES ('202010011635150682', '202010011635150681', '113559615388672250089', '113486759599812914431', '20201001', '163515', '20201001163515');
INSERT INTO `TASK_GROUP_DETAIL_USER` VALUES ('202010011635150682', '202010011635150681', '106514682865442059423', '113486759599812914431', '20201001', '163515', '20201001163515');
INSERT INTO `TASK_GROUP_DETAIL_USER` VALUES ('202009301522540355', '202009301522540355', '117056945648337059975', '113486759599812914431', '20200930', '152254', '20200930152254');
INSERT INTO `TASK_GROUP_DETAIL_USER` VALUES ('202010011149410464', '202010011149410463', '113486759599812914431', '113486759599812914431', '20201001', '114941', '20201001114941');
INSERT INTO `TASK_GROUP_DETAIL_USER` VALUES ('202010011637410299', '202010011637410299', '113486759599812914431', '113486759599812914431', '20201001', '163741', '20201001163741');
INSERT INTO `TASK_GROUP_DETAIL_USER` VALUES ('202010011637410299', '202010011637410299', '111659080796612880862', '113486759599812914431', '20201001', '163741', '20201001163741');
INSERT INTO `TASK_GROUP_DETAIL_USER` VALUES ('202009301523080987', '202009301522540355', '202005282250200023', '113486759599812914431', '20200930', '152308', '20200930152308');
INSERT INTO `TASK_GROUP_DETAIL_USER` VALUES ('202009301523080987', '202009301522540355', '202005282258410044', '113486759599812914431', '20200930', '152308', '20200930152308');
INSERT INTO `TASK_GROUP_DETAIL_USER` VALUES ('202009292150170532', '202009292148560326', '202005282254520718', '111659080796612880862', '20200929', '215017', '20200929215017');
INSERT INTO `TASK_GROUP_DETAIL_USER` VALUES ('202009292150170532', '202009292148560326', '202005291629230513', '111659080796612880862', '20200929', '215017', '20200929215017');
INSERT INTO `TASK_GROUP_DETAIL_USER` VALUES ('202009292150170532', '202009292148560326', '202005282250200023', '111659080796612880862', '20200929', '215017', '20200929215017');
INSERT INTO `TASK_GROUP_DETAIL_USER` VALUES ('202009301522540355', '202009301522540355', '113486759599812914431', '113486759599812914431', '20200930', '152254', '20200930152254');
INSERT INTO `TASK_GROUP_DETAIL_USER` VALUES ('202009301522540355', '202009301522540355', '111659080796612880862', '113486759599812914431', '20200930', '152254', '20200930152254');
INSERT INTO `TASK_GROUP_DETAIL_USER` VALUES ('202009292212060962', '202009292212060961', '106514682865442059423', '111659080796612880862', '20200929', '221206', '20200929221206');
INSERT INTO `TASK_GROUP_DETAIL_USER` VALUES ('202009292212060962', '202009292212060961', '113137136527929851498', '111659080796612880862', '20200929', '221206', '20200929221206');
INSERT INTO `TASK_GROUP_DETAIL_USER` VALUES ('202009292212060961', '202009292212060961', '111659080796612880862', '111659080796612880862', '20200929', '221206', '20200929221206');
INSERT INTO `TASK_GROUP_DETAIL_USER` VALUES ('202009292151580359', '202009292151580357', '202005282214300675', '111659080796612880862', '20200929', '215158', '20200929215158');
INSERT INTO `TASK_GROUP_DETAIL_USER` VALUES ('202009292151580358', '202009292151580357', '111659080796612880862', '111659080796612880862', '20200929', '215158', '20200929215158');
INSERT INTO `TASK_GROUP_DETAIL_USER` VALUES ('202009292150170532', '202009292148560326', '107464133259941824802', '111659080796612880862', '20200929', '215017', '20200929215017');
INSERT INTO `TASK_GROUP_DETAIL_USER` VALUES ('202009292150170532', '202009292148560326', '115884274735888505742', '111659080796612880862', '20200929', '215017', '20200929215017');
INSERT INTO `TASK_GROUP_DETAIL_USER` VALUES ('202009292150170532', '202009292148560326', '113486759599812914431', '111659080796612880862', '20200929', '215017', '20200929215017');
INSERT INTO `TASK_GROUP_DETAIL_USER` VALUES ('202009292150170532', '202009292148560326', '117977997905031416912', '111659080796612880862', '20200929', '215017', '20200929215017');
INSERT INTO `TASK_GROUP_DETAIL_USER` VALUES ('202009292150170532', '202009292148560326', '202008010647580695', '111659080796612880862', '20200929', '215017', '20200929215017');
INSERT INTO `TASK_GROUP_DETAIL_USER` VALUES ('202009292150170532', '202009292148560326', '202008010646150064', '111659080796612880862', '20200929', '215017', '20200929215017');
INSERT INTO `TASK_GROUP_DETAIL_USER` VALUES ('202009292150170532', '202009292148560326', '202008010643030661', '111659080796612880862', '20200929', '215017', '20200929215017');
INSERT INTO `TASK_GROUP_DETAIL_USER` VALUES ('202009292150170532', '202009292148560326', '202007291046250217', '111659080796612880862', '20200929', '215017', '20200929215017');
INSERT INTO `TASK_GROUP_DETAIL_USER` VALUES ('202009292150170532', '202009292148560326', '202007291045070432', '111659080796612880862', '20200929', '215017', '20200929215017');
INSERT INTO `TASK_GROUP_DETAIL_USER` VALUES ('202009292150170532', '202009292148560326', '202007291041530759', '111659080796612880862', '20200929', '215017', '20200929215017');
INSERT INTO `TASK_GROUP_DETAIL_USER` VALUES ('202009292150170532', '202009292148560326', '202007181517230520', '111659080796612880862', '20200929', '215017', '20200929215017');
INSERT INTO `TASK_GROUP_DETAIL_USER` VALUES ('202009292150170532', '202009292148560326', '202006021408060884', '111659080796612880862', '20200929', '215017', '20200929215017');
INSERT INTO `TASK_GROUP_DETAIL_USER` VALUES ('202009292150170532', '202009292148560326', '202005291643120507', '111659080796612880862', '20200929', '215017', '20200929215017');
INSERT INTO `TASK_GROUP_DETAIL_USER` VALUES ('202009292150170532', '202009292148560326', '202005291630240473', '111659080796612880862', '20200929', '215017', '20200929215017');
INSERT INTO `TASK_GROUP_DETAIL_USER` VALUES ('202009292150170532', '202009292148560326', '202005291632570405', '111659080796612880862', '20200929', '215017', '20200929215017');
INSERT INTO `TASK_GROUP_DETAIL_USER` VALUES ('202009292150170532', '202009292148560326', '202005291556060531', '111659080796612880862', '20200929', '215017', '20200929215017');
INSERT INTO `TASK_GROUP_DETAIL_USER` VALUES ('202009292150170532', '202009292148560326', '202005282214300675', '111659080796612880862', '20200929', '215017', '20200929215017');
INSERT INTO `TASK_GROUP_DETAIL_USER` VALUES ('202009291747460470', '202009291747460470', '100324242456731592569', '113486759599812914431', '20200929', '174746', '20200929174746');
INSERT INTO `TASK_GROUP_DETAIL_USER` VALUES ('202009291747460470', '202009291747460470', '107464133259941824802', '113486759599812914431', '20200929', '174746', '20200929174746');
INSERT INTO `TASK_GROUP_DETAIL_USER` VALUES ('202009292150170532', '202009292148560326', '202005282211210973', '111659080796612880862', '20200929', '215017', '20200929215017');
INSERT INTO `TASK_GROUP_DETAIL_USER` VALUES ('202009292150170532', '202009292148560326', '202005282302370216', '111659080796612880862', '20200929', '215017', '20200929215017');
INSERT INTO `TASK_GROUP_DETAIL_USER` VALUES ('202009292149000813', '202009292149000813', '111659080796612880862', '111659080796612880862', '20200929', '214900', '20200929214900');
INSERT INTO `TASK_GROUP_DETAIL_USER` VALUES ('202009292148560327', '202009292148560326', '113137136527929851498', '111659080796612880862', '20200929', '214856', '20200929214856');
INSERT INTO `TASK_GROUP_DETAIL_USER` VALUES ('202009291803460948', '202009291747460470', '202005282302370216', '113486759599812914431', '20200929', '180346', '20200929180346');
INSERT INTO `TASK_GROUP_DETAIL_USER` VALUES ('202009291747460470', '202009291747460470', '113486759599812914431', '113486759599812914431', '20200929', '174746', '20200929174746');
INSERT INTO `TASK_GROUP_DETAIL_USER` VALUES ('202009291747460470', '202009291747460470', '113608011513675196929', '113486759599812914431', '20200929', '174746', '20200929174746');
INSERT INTO `TASK_GROUP_DETAIL_USER` VALUES ('202009291747460470', '202009291747460470', '111659080796612880862', '113486759599812914431', '20200929', '174746', '20200929174746');
INSERT INTO `TASK_GROUP_DETAIL_USER` VALUES ('202009290720000938', '202009290719280780', '117977997905031416912', '113486759599812914431', '20200929', '072000', '20200929072000');
INSERT INTO `TASK_GROUP_DETAIL_USER` VALUES ('202009290719280785', '202009290719280780', '113486759599812914431', '113486759599812914431', '20200929', '071928', '20200929071928');
INSERT INTO `TASK_GROUP_DETAIL_USER` VALUES ('202009290719280784', '202009290719280780', '100324242456731592569', '113486759599812914431', '20200929', '071928', '20200929071928');
INSERT INTO `TASK_GROUP_DETAIL_USER` VALUES ('202009290719280783', '202009290719280780', '113608011513675196929', '113486759599812914431', '20200929', '071928', '20200929071928');
INSERT INTO `TASK_GROUP_DETAIL_USER` VALUES ('202009290719280783', '202009290719280780', '111659080796612880862', '113486759599812914431', '20200929', '071928', '20200929071928');
INSERT INTO `TASK_GROUP_DETAIL_USER` VALUES ('202009281946260098', '202009281731500651', '111659080796612880862', '113486759599812914431', '20200928', '194626', '20200928194626');
INSERT INTO `TASK_GROUP_DETAIL_USER` VALUES ('202009281810100501', '202009281731500651', '106514682865442059423', '113486759599812914431', '20200928', '181010', '20200928181010');
INSERT INTO `TASK_GROUP_DETAIL_USER` VALUES ('202009281732100444', '202009281731500651', '100324242456731592569', '113486759599812914431', '20200928', '173210', '20200928173210');
INSERT INTO `TASK_GROUP_DETAIL_USER` VALUES ('202009281731500652', '202009281731500651', '113486759599812914431', '113486759599812914431', '20200928', '173150', '20200928173150');
INSERT INTO `TASK_GROUP_DETAIL_USER` VALUES ('202009281731500652', '202009281731500651', '115884274735888505742', '113486759599812914431', '20200928', '173150', '20200928173150');
INSERT INTO `TASK_GROUP_DETAIL_USER` VALUES ('202009281731500652', '202009281731500651', '113137136527929851498', '113486759599812914431', '20200928', '173150', '20200928173150');
INSERT INTO `TASK_GROUP_DETAIL_USER` VALUES ('202009281731500652', '202009281731500651', '107464133259941824802', '113486759599812914431', '20200928', '173150', '20200928173150');

-- ----------------------------
-- Table structure for TASK_GROUP_DETAIL_USER_CMT_FILE_UPLOAD
-- ----------------------------
DROP TABLE IF EXISTS `TASK_GROUP_DETAIL_USER_CMT_FILE_UPLOAD`;
CREATE TABLE `TASK_GROUP_DETAIL_USER_CMT_FILE_UPLOAD`  (
  `id` varchar(100) CHARACTER SET latin1 COLLATE latin1_swedish_ci NOT NULL,
  `store_id` varchar(25) CHARACTER SET latin1 COLLATE latin1_swedish_ci NULL DEFAULT NULL,
  `creator_id` varchar(30) CHARACTER SET latin1 COLLATE latin1_swedish_ci NULL DEFAULT NULL,
  `task_grp_detail_id` varchar(20) CHARACTER SET latin1 COLLATE latin1_swedish_ci NULL DEFAULT NULL,
  `cmt_id` varchar(20) CHARACTER SET latin1 COLLATE latin1_swedish_ci NULL DEFAULT NULL,
  `file_name` varchar(300) CHARACTER SET utf8 COLLATE utf8_unicode_ci NULL DEFAULT NULL,
  `file_encoding` varchar(255) CHARACTER SET latin1 COLLATE latin1_swedish_ci NULL DEFAULT NULL,
  `file_md5` varchar(150) CHARACTER SET latin1 COLLATE latin1_swedish_ci NULL DEFAULT NULL,
  `file_mimetype` varchar(300) CHARACTER SET latin1 COLLATE latin1_swedish_ci NULL DEFAULT NULL,
  `file_size_byte` double NULL DEFAULT NULL,
  `file_link_download` varchar(400) CHARACTER SET utf8 COLLATE utf8_unicode_520_ci NULL DEFAULT NULL,
  `updatedate` varchar(8) CHARACTER SET latin1 COLLATE latin1_swedish_ci NULL DEFAULT NULL,
  `updatetime` varchar(6) CHARACTER SET latin1 COLLATE latin1_swedish_ci NULL DEFAULT NULL,
  `create_datetime` varchar(15) CHARACTER SET latin1 COLLATE latin1_swedish_ci NULL DEFAULT NULL
) ENGINE = MyISAM CHARACTER SET = latin1 COLLATE = latin1_swedish_ci ROW_FORMAT = Dynamic;

-- ----------------------------
-- Records of TASK_GROUP_DETAIL_USER_CMT_FILE_UPLOAD
-- ----------------------------
INSERT INTO `TASK_GROUP_DETAIL_USER_CMT_FILE_UPLOAD` VALUES ('13plJHrH5sgUMmqWf6n0mX2k7f2sMsae2', 'GOOGLE_DRIVE', '106514682865442059423', '202009292212060961', '202009301132100121', '11SKNREP020_KOSAN_REPORT.rpt', '7bit', 'b319ed4dede6fd861202a65d0d1c3906', 'application/octet-stream', 49152, 'https://drive.google.com/uc?id=13plJHrH5sgUMmqWf6n0mX2k7f2sMsae2&export=download', '20200930', '113218', '20200930113218');
INSERT INTO `TASK_GROUP_DETAIL_USER_CMT_FILE_UPLOAD` VALUES ('13B7DrdfZRuKyUF9Oh91NRk7cDnEx1KT9', 'GOOGLE_DRIVE', '106514682865442059423', '202009292212060961', '202009301132100121', '11SKNREP020_IPPAN_REPORT.rpt', '7bit', '1057d65c5bfe875322c3c4f93bc238ae', 'application/octet-stream', 65536, 'https://drive.google.com/uc?id=13B7DrdfZRuKyUF9Oh91NRk7cDnEx1KT9&export=download', '20200930', '113216', '20200930113216');
INSERT INTO `TASK_GROUP_DETAIL_USER_CMT_FILE_UPLOAD` VALUES ('1zBTKdd7IiUDNjfgcVAdzgEyRD9ID78Ut', 'GOOGLE_DRIVE', '106514682865442059423', '202009292212060961', '202009301132100121', '3File.zip', '7bit', 'ee38c6eace3c04485d93b66cc65a9a5d', 'application/x-zip-compressed', 334007, 'https://drive.google.com/uc1id=1zBTKdd7IiUDNjfgcVAdzgEyRD9ID78Ut&export=download', '20200930', '113215', '20200930113215');
INSERT INTO `TASK_GROUP_DETAIL_USER_CMT_FILE_UPLOAD` VALUES ('1af65CwDvRMeKHXWo5Rjl8KMviV88hJMF', 'GOOGLE_DRIVE', '113486759599812914431', '202009281731500651', '202009300221460740', 'IMG_UPLOAD_20200925_210923.jpg', '7bit', 'b8432c9fcd2327c8336d7de5bda6a892', 'image/jpeg', 694403, 'https://drive.google.com/uc?id=1af65CwDvRMeKHXWo5Rjl8KMviV88hJMF&export=download', '20200930', '022203', '20200930022203');
INSERT INTO `TASK_GROUP_DETAIL_USER_CMT_FILE_UPLOAD` VALUES ('1FSY1Y5CrZUq24my_6wnuOg72cJxKWXOS', 'GOOGLE_DRIVE', '113486759599812914431', '202009281731500651', '202009300221460740', 'IMG_20200926_162105.jpg', '7bit', '8a330f4276e73ce774740b68bcb66f57', 'image/jpeg', 348533, 'https://drive.google.com/uc?id=1FSY1Y5CrZUq24my_6wnuOg72cJxKWXOS&export=download', '20200930', '022159', '20200930022159');
INSERT INTO `TASK_GROUP_DETAIL_USER_CMT_FILE_UPLOAD` VALUES ('1qFHg_qV9X4EbMZAeOUVx72mh7l9BvpiP', 'GOOGLE_DRIVE', '113486759599812914431', '202009281731500651', '202009300221460740', 'IMG_20200927_083801.jpg', '7bit', '21ad6025910a5875d27d654111bbb922', 'image/jpeg', 110493, 'https://drive.google.com/uc?id=1qFHg_qV9X4EbMZAeOUVx72mh7l9BvpiP&export=download', '20200930', '022153', '20200930022153');
INSERT INTO `TASK_GROUP_DETAIL_USER_CMT_FILE_UPLOAD` VALUES ('1PXKia0cbCLXeaG5-SrkAd8x13Deultxk', 'GOOGLE_DRIVE', '113486759599812914431', '202009281731500651', '202009300221460740', 'Screenshot_2020-09-26-16-36-46-328_com.android.chrome.jpg', '7bit', 'e20208d0bfc70616710628c6583c576e', 'image/jpeg', 602264, 'https://drive.google.com/uc?id=1PXKia0cbCLXeaG5-SrkAd8x13Deultxk&export=download', '20200930', '022157', '20200930022157');
INSERT INTO `TASK_GROUP_DETAIL_USER_CMT_FILE_UPLOAD` VALUES ('1y1BeB8Z277ltFb-G-opWF07LcfIl7_Ry', 'GOOGLE_DRIVE', '113486759599812914431', '202009281731500651', '202009300221460740', 'Screenshot_2020-09-29-21-11-40-942_vn.chiaki.jpg', '7bit', 'f82ce933f58e8e5a8ca23ec74926576c', 'image/jpeg', 443819, 'https://drive.google.com/uc1id=1y1BeB8Z277ltFb-G-opWF07LcfIl7_Ry&export=download', '20200930', '022151', '20200930022151');
INSERT INTO `TASK_GROUP_DETAIL_USER_CMT_FILE_UPLOAD` VALUES ('1oKbukBy4MdHmYtScct8pYTva1--wztwl', 'GOOGLE_DRIVE', '100324242456731592569', '202009281731500651', '202009292119040401', 'IMG_20200926_162105.jpg', '7bit', '8a330f4276e73ce774740b68bcb66f57', 'image/jpeg', 348533, 'https://drive.google.com/uc?id=1oKbukBy4MdHmYtScct8pYTva1--wztwl&export=download', '20200929', '211924', '20200929211924');
INSERT INTO `TASK_GROUP_DETAIL_USER_CMT_FILE_UPLOAD` VALUES ('1_yoYXqqqtSBBvZ2dFZHUXOr4rF7kXcCb', 'GOOGLE_DRIVE', '100324242456731592569', '202009281731500651', '202009292119040401', 'Screenshot_2020-09-26-16-36-46-328_com.android.chrome.jpg', '7bit', 'e20208d0bfc70616710628c6583c576e', 'image/jpeg', 602264, 'https://drive.google.com/uc?id=1_yoYXqqqtSBBvZ2dFZHUXOr4rF7kXcCb&export=download', '20200929', '211923', '20200929211923');
INSERT INTO `TASK_GROUP_DETAIL_USER_CMT_FILE_UPLOAD` VALUES ('1IdJ2RGJdYqy-dMIvgoPcFQFdJrTy-kaN', 'GOOGLE_DRIVE', '100324242456731592569', '202009281731500651', '202009292119040401', 'IMG_20200927_083801.jpg', '7bit', '21ad6025910a5875d27d654111bbb922', 'image/jpeg', 110493, 'https://drive.google.com/uc?id=1IdJ2RGJdYqy-dMIvgoPcFQFdJrTy-kaN&export=download', '20200929', '211919', '20200929211919');
INSERT INTO `TASK_GROUP_DETAIL_USER_CMT_FILE_UPLOAD` VALUES ('1OqOFOmzpy6rzOMVsLTd5u_CQPYM76YRb', 'GOOGLE_DRIVE', '100324242456731592569', '202009281731500651', '202009292119040401', 'Screenshot_2020-09-29-21-11-40-942_vn.chiaki.jpg', '7bit', 'f82ce933f58e8e5a8ca23ec74926576c', 'image/jpeg', 443819, 'https://drive.google.com/uc1id=1OqOFOmzpy6rzOMVsLTd5u_CQPYM76YRb&export=download', '20200929', '211912', '20200929211912');
INSERT INTO `TASK_GROUP_DETAIL_USER_CMT_FILE_UPLOAD` VALUES ('13JVKHVVLfSppjHp0aJCeyObjUCXEX6M3', 'GOOGLE_DRIVE', '100324242456731592569', '202009281731500651', '202009292119040401', 'IMG_20200929_132900.jpg', '7bit', 'e6b46c024f59e5a5e2e91786923d60f5', 'image/jpeg', 155268, 'https://drive.google.com/uc?id=13JVKHVVLfSppjHp0aJCeyObjUCXEX6M3&export=download', '20200929', '211917', '20200929211917');
INSERT INTO `TASK_GROUP_DETAIL_USER_CMT_FILE_UPLOAD` VALUES ('17G0XOl6Y3TwSSA5v1FEVGC5oaTw26Os5', 'GOOGLE_DRIVE', '117977997905031416912', '202009290719280780', '202009291954220367', 'IMG_20200925_125827.jpg', '7bit', '4f95f134b39c0e7d55da98d5dca1b5ac', 'image/jpeg', 1893965, 'https://drive.google.com/uc?id=17G0XOl6Y3TwSSA5v1FEVGC5oaTw26Os5&export=download', '20200929', '195456', '20200929195456');
INSERT INTO `TASK_GROUP_DETAIL_USER_CMT_FILE_UPLOAD` VALUES ('1o3yH9AEf4ShnujKGK8wnCvkF_lq9esSA', 'GOOGLE_DRIVE', '117977997905031416912', '202009290719280780', '202009291954220367', 'IMG_20200925_125839.jpg', '7bit', '1eb97190c9a6bce32f13e26a405659ba', 'image/jpeg', 1831931, 'https://drive.google.com/uc?id=1o3yH9AEf4ShnujKGK8wnCvkF_lq9esSA&export=download', '20200929', '195453', '20200929195453');
INSERT INTO `TASK_GROUP_DETAIL_USER_CMT_FILE_UPLOAD` VALUES ('1V0BlzD0lqcubEVlw8e0EhiJezjKTAD30', 'GOOGLE_DRIVE', '117977997905031416912', '202009290719280780', '202009291954220367', 'IMG_20200925_125846.jpg', '7bit', 'ed70f7ba9c142a79f9b889acb5b92ddb', 'image/jpeg', 1758126, 'https://drive.google.com/uc?id=1V0BlzD0lqcubEVlw8e0EhiJezjKTAD30&export=download', '20200929', '195449', '20200929195449');
INSERT INTO `TASK_GROUP_DETAIL_USER_CMT_FILE_UPLOAD` VALUES ('1rHyHB3_lGXbyRiNsaEroawhQewH3Jsrz', 'GOOGLE_DRIVE', '117977997905031416912', '202009290719280780', '202009291954220367', 'IMG_20200925_125858.jpg', '7bit', '5053dd37ccdc40d1a84b9e82a4c7bf06', 'image/jpeg', 1696788, 'https://drive.google.com/uc?id=1rHyHB3_lGXbyRiNsaEroawhQewH3Jsrz&export=download', '20200929', '195444', '20200929195444');
INSERT INTO `TASK_GROUP_DETAIL_USER_CMT_FILE_UPLOAD` VALUES ('1HBkOwlO1B-ffJ68ZjXjse6lW7lbbm1SF', 'GOOGLE_DRIVE', '117977997905031416912', '202009290719280780', '202009291954220367', 'IMG_20200925_125910.jpg', '7bit', 'febf7705425af6e11973596ff0d794a9', 'image/jpeg', 1979206, 'https://drive.google.com/uc?id=1HBkOwlO1B-ffJ68ZjXjse6lW7lbbm1SF&export=download', '20200929', '195440', '20200929195440');
INSERT INTO `TASK_GROUP_DETAIL_USER_CMT_FILE_UPLOAD` VALUES ('1q3SlWlDmkek4ZDkIrAz5It5KT7oBihsX', 'GOOGLE_DRIVE', '117977997905031416912', '202009290719280780', '202009291954220367', 'IMG_20200926_162105.jpg', '7bit', '8a330f4276e73ce774740b68bcb66f57', 'image/jpeg', 348533, 'https://drive.google.com/uc?id=1q3SlWlDmkek4ZDkIrAz5It5KT7oBihsX&export=download', '20200929', '195435', '20200929195435');
INSERT INTO `TASK_GROUP_DETAIL_USER_CMT_FILE_UPLOAD` VALUES ('1wnSJoUHvC6VD4GzIE6hTKJwPiJi5w7gU', 'GOOGLE_DRIVE', '117977997905031416912', '202009290719280780', '202009291954220367', 'IMG_20200927_083801.jpg', '7bit', '21ad6025910a5875d27d654111bbb922', 'image/jpeg', 110493, 'https://drive.google.com/uc?id=1wnSJoUHvC6VD4GzIE6hTKJwPiJi5w7gU&export=download', '20200929', '195429', '20200929195429');
INSERT INTO `TASK_GROUP_DETAIL_USER_CMT_FILE_UPLOAD` VALUES ('1t-k4jnPAYwlVOCTvHmqyzj0a2LB_irBW', 'GOOGLE_DRIVE', '117977997905031416912', '202009290719280780', '202009291954220367', 'Screenshot_2020-09-26-16-36-46-328_com.android.chrome.jpg', '7bit', 'e20208d0bfc70616710628c6583c576e', 'image/jpeg', 602264, 'https://drive.google.com/uc?id=1t-k4jnPAYwlVOCTvHmqyzj0a2LB_irBW&export=download', '20200929', '195433', '20200929195433');
INSERT INTO `TASK_GROUP_DETAIL_USER_CMT_FILE_UPLOAD` VALUES ('1QdcrSaKWIpgQ9qURJIX6_lJ01gBNn3eJ', 'GOOGLE_DRIVE', '117977997905031416912', '202009290719280780', '202009291954220367', 'IMG_20200929_132900.jpg', '7bit', 'e6b46c024f59e5a5e2e91786923d60f5', 'image/jpeg', 155268, 'https://drive.google.com/uc1id=1QdcrSaKWIpgQ9qURJIX6_lJ01gBNn3eJ&export=download', '20200929', '195425', '20200929195425');
INSERT INTO `TASK_GROUP_DETAIL_USER_CMT_FILE_UPLOAD` VALUES ('10n4r0iOi4MvhkjyTUnAxzgabvzdIasCb', 'GOOGLE_DRIVE', '113486759599812914431', '202009291747460470', '202009291802540987', 'Screenshot_2020-09-26-16-36-46-328_com.android.chrome.jpg', '7bit', 'e20208d0bfc70616710628c6583c576e', 'image/jpeg', 602264, 'https://drive.google.com/uc?id=10n4r0iOi4MvhkjyTUnAxzgabvzdIasCb&export=download', '20200929', '180303', '20200929180303');
INSERT INTO `TASK_GROUP_DETAIL_USER_CMT_FILE_UPLOAD` VALUES ('1X0upMbbGiPY_j47iPPrPjNYfIbL2ZkpD', 'GOOGLE_DRIVE', '113486759599812914431', '202009291747460470', '202009291802540987', 'IMG_20200926_162105.jpg', '7bit', '8a330f4276e73ce774740b68bcb66f57', 'image/jpeg', 348533, 'https://drive.google.com/uc?id=1X0upMbbGiPY_j47iPPrPjNYfIbL2ZkpD&export=download', '20200929', '180305', '20200929180305');
INSERT INTO `TASK_GROUP_DETAIL_USER_CMT_FILE_UPLOAD` VALUES ('1OmRfq2exRcuNswi9S8yGiHVYyAbfnOJU', 'GOOGLE_DRIVE', '113486759599812914431', '202009291747460470', '202009291802540987', 'IMG_20200927_083801.jpg', '7bit', '21ad6025910a5875d27d654111bbb922', 'image/jpeg', 110493, 'https://drive.google.com/uc?id=1OmRfq2exRcuNswi9S8yGiHVYyAbfnOJU&export=download', '20200929', '180300', '20200929180300');
INSERT INTO `TASK_GROUP_DETAIL_USER_CMT_FILE_UPLOAD` VALUES ('1WufRdMWVAYm86U13h-kfZUdQHtuRTL5o', 'GOOGLE_DRIVE', '113486759599812914431', '202009291747460470', '202009291802540987', 'IMG_20200929_132900.jpg', '7bit', 'e6b46c024f59e5a5e2e91786923d60f5', 'image/jpeg', 155268, 'https://drive.google.com/uc1id=1WufRdMWVAYm86U13h-kfZUdQHtuRTL5o&export=download', '20200929', '180257', '20200929180257');
INSERT INTO `TASK_GROUP_DETAIL_USER_CMT_FILE_UPLOAD` VALUES ('1DaLJqoTwNVm3W5qtdT__nrZ01vaT4Fb2', 'GOOGLE_DRIVE', '113486759599812914431', '202009281731500651', '202009291801190389', 'IMG_20200926_162105.jpg', '7bit', '8a330f4276e73ce774740b68bcb66f57', 'image/jpeg', 348533, 'https://drive.google.com/uc?id=1DaLJqoTwNVm3W5qtdT__nrZ01vaT4Fb2&export=download', '20200929', '180131', '20200929180131');
INSERT INTO `TASK_GROUP_DETAIL_USER_CMT_FILE_UPLOAD` VALUES ('10C8cx1c4jlRak1ZGUDV6vBs2txNMbGEx', 'GOOGLE_DRIVE', '113486759599812914431', '202009281731500651', '202009291801190389', 'Screenshot_2020-09-26-16-36-46-328_com.android.chrome.jpg', '7bit', 'e20208d0bfc70616710628c6583c576e', 'image/jpeg', 602264, 'https://drive.google.com/uc?id=10C8cx1c4jlRak1ZGUDV6vBs2txNMbGEx&export=download', '20200929', '180129', '20200929180129');
INSERT INTO `TASK_GROUP_DETAIL_USER_CMT_FILE_UPLOAD` VALUES ('1n_dfecpCtqWNEa8NnW9sqAtipVpSrVx5', 'GOOGLE_DRIVE', '113486759599812914431', '202009281731500651', '202009291801190389', 'IMG_20200927_083801.jpg', '7bit', '21ad6025910a5875d27d654111bbb922', 'image/jpeg', 110493, 'https://drive.google.com/uc?id=1n_dfecpCtqWNEa8NnW9sqAtipVpSrVx5&export=download', '20200929', '180125', '20200929180125');
INSERT INTO `TASK_GROUP_DETAIL_USER_CMT_FILE_UPLOAD` VALUES ('1KarUoIMid9VGNRcerMlK2AXnyRAhcyUm', 'GOOGLE_DRIVE', '113486759599812914431', '202009281731500651', '202009291801190389', 'IMG_20200929_132900.jpg', '7bit', 'e6b46c024f59e5a5e2e91786923d60f5', 'image/jpeg', 155268, 'https://drive.google.com/uc1id=1KarUoIMid9VGNRcerMlK2AXnyRAhcyUm&export=download', '20200929', '180123', '20200929180123');
INSERT INTO `TASK_GROUP_DETAIL_USER_CMT_FILE_UPLOAD` VALUES ('11frC-u6IM-Ag_U5IEkHnrVxRqQE6kATb', 'GOOGLE_DRIVE', '113486759599812914431', '202009291747460470', '202009291748090509', '【富岡・七日市】バグ管理表_20200825.xlsm', '7bit', '98eb40e85b29f627ebca9c5c7c474c06', 'application/vnd.ms-excel.sheet.macroenabled.12', 1991840, 'https://drive.google.com/uc?id=11frC-u6IM-Ag_U5IEkHnrVxRqQE6kATb&export=download', '20200929', '174815', '20200929174815');
INSERT INTO `TASK_GROUP_DETAIL_USER_CMT_FILE_UPLOAD` VALUES ('1LHcxY751_X3HB9BtPlJQfC-AiMyZwqU5', 'GOOGLE_DRIVE', '113486759599812914431', '202009291747460470', '202009291748090509', '【富岡・七日市】バグ管理表_20200825 (1).xlsm', '7bit', '3142c8ab8c68adf3ab3368f0d34de187', 'application/vnd.ms-excel.sheet.macroenabled.12', 1999675, 'https://drive.google.com/uc1id=1LHcxY751_X3HB9BtPlJQfC-AiMyZwqU5&export=download', '20200929', '174813', '20200929174813');
INSERT INTO `TASK_GROUP_DETAIL_USER_CMT_FILE_UPLOAD` VALUES ('19B8XW8LhqoBBoMVGG-XxP5faRBgTZ6NN', 'GOOGLE_DRIVE', '113486759599812914431', '202009281731500651', '202009291741510395', 'Able_Doc.zip', '7bit', '4a9300cbc2cb7f2f8d773746724b6cef', 'application/x-zip-compressed', 10463707, 'https://drive.google.com/uc?id=19B8XW8LhqoBBoMVGG-XxP5faRBgTZ6NN&export=download', '20200929', '174159', '20200929174159');
INSERT INTO `TASK_GROUP_DETAIL_USER_CMT_FILE_UPLOAD` VALUES ('1apoAyoet4nPCK5pxs5vRAstMmLeKV1Eu', 'GOOGLE_DRIVE', '113486759599812914431', '202009281731500651', '202009291741510395', 'Able_Doc (1).zip', '7bit', '4a9300cbc2cb7f2f8d773746724b6cef', 'application/x-zip-compressed', 10463707, 'https://drive.google.com/uc1id=1apoAyoet4nPCK5pxs5vRAstMmLeKV1Eu&export=download', '20200929', '174156', '20200929174156');
INSERT INTO `TASK_GROUP_DETAIL_USER_CMT_FILE_UPLOAD` VALUES ('1xYj8EnStLAC_Oklfke1cynsIVWlpyykT', 'GOOGLE_DRIVE', '113486759599812914431', '202009281731500651', '202009291741010721', 'Able_Doc (1).zip', '7bit', '4a9300cbc2cb7f2f8d773746724b6cef', 'application/x-zip-compressed', 10463707, 'https://drive.google.com/uc?id=1xYj8EnStLAC_Oklfke1cynsIVWlpyykT&export=download', '20200929', '174127', '20200929174127');
INSERT INTO `TASK_GROUP_DETAIL_USER_CMT_FILE_UPLOAD` VALUES ('1kaTeYWDJ-4vnSkX6bTYQ14bGnfkY81TM', 'GOOGLE_DRIVE', '113486759599812914431', '202009281731500651', '202009291741010721', '20200715_ReportToFormの設定.rar', '7bit', '9b773e4d9ae2174fb3c7a31a6ea652e7', 'application/x-rar', 96020, 'https://drive.google.com/uc?id=1kaTeYWDJ-4vnSkX6bTYQ14bGnfkY81TM&export=download', '20200929', '174123', '20200929174123');
INSERT INTO `TASK_GROUP_DETAIL_USER_CMT_FILE_UPLOAD` VALUES ('1a1W0BmJF4vodT5S74o-k0Ht-rKVa1-Ri', 'GOOGLE_DRIVE', '113486759599812914431', '202009281731500651', '202009291741010721', '50-thanh-ngu-thu-vi-trong-tieng-anh-phan-2.pdf', '7bit', '5f61643fbcaec4449c303be1f60218d9', 'application/pdf', 4341789, 'https://drive.google.com/uc?id=1a1W0BmJF4vodT5S74o-k0Ht-rKVa1-Ri&export=download', '20200929', '174120', '20200929174120');
INSERT INTO `TASK_GROUP_DETAIL_USER_CMT_FILE_UPLOAD` VALUES ('1Hc2vfMWb8BdyYyxSz5Ii2IEUYujHuRRD', 'GOOGLE_DRIVE', '113486759599812914431', '202009281731500651', '202009291741010721', '2018 06 25 Build.zip', '7bit', 'a1ff8f35924662381c81a005631849da', 'application/x-zip-compressed', 369778, 'https://drive.google.com/uc?id=1Hc2vfMWb8BdyYyxSz5Ii2IEUYujHuRRD&export=download', '20200929', '174121', '20200929174121');
INSERT INTO `TASK_GROUP_DETAIL_USER_CMT_FILE_UPLOAD` VALUES ('10bfaCGDBfDoFwAJO4ba50AA7u7jTwrJO', 'GOOGLE_DRIVE', '113486759599812914431', '202009281731500651', '202009291741010721', '50-thanh-ngu-thu-vi-trong-tieng-anh-phan-2 (1).pdf', '7bit', '5f61643fbcaec4449c303be1f60218d9', 'application/pdf', 4341789, 'https://drive.google.com/uc?id=10bfaCGDBfDoFwAJO4ba50AA7u7jTwrJO&export=download', '20200929', '174117', '20200929174117');
INSERT INTO `TASK_GROUP_DETAIL_USER_CMT_FILE_UPLOAD` VALUES ('1vIFJLZjab1iZmCGj4M6yTEJuCnBkpI7K', 'GOOGLE_DRIVE', '113486759599812914431', '202009281731500651', '202009291741010721', '3File.zip', '7bit', 'ee38c6eace3c04485d93b66cc65a9a5d', 'application/x-zip-compressed', 334007, 'https://drive.google.com/uc?id=1vIFJLZjab1iZmCGj4M6yTEJuCnBkpI7K&export=download', '20200929', '174111', '20200929174111');
INSERT INTO `TASK_GROUP_DETAIL_USER_CMT_FILE_UPLOAD` VALUES ('1pGywsFXKCNF-6SOZEA1B24eFAzcHZQ2B', 'GOOGLE_DRIVE', '113486759599812914431', '202009281731500651', '202009291741010721', '11SKNREP020_IPPAN_REPORT.rpt', '7bit', '1057d65c5bfe875322c3c4f93bc238ae', 'application/octet-stream', 65536, 'https://drive.google.com/uc?id=1pGywsFXKCNF-6SOZEA1B24eFAzcHZQ2B&export=download', '20200929', '174113', '20200929174113');
INSERT INTO `TASK_GROUP_DETAIL_USER_CMT_FILE_UPLOAD` VALUES ('1RAKXMLUvJCfGeEJtdEGSwViaa7eRZAEl', 'GOOGLE_DRIVE', '113486759599812914431', '202009281731500651', '202009291741010721', '【富岡・七日市】バグ管理表_20200825.xlsm', '7bit', '98eb40e85b29f627ebca9c5c7c474c06', 'application/vnd.ms-excel.sheet.macroenabled.12', 1991840, 'https://drive.google.com/uc?id=1RAKXMLUvJCfGeEJtdEGSwViaa7eRZAEl&export=download', '20200929', '174109', '20200929174109');
INSERT INTO `TASK_GROUP_DETAIL_USER_CMT_FILE_UPLOAD` VALUES ('1BWT6EqtP6UDwbrVN-Q-90xoXTmPvCKHR', 'GOOGLE_DRIVE', '113486759599812914431', '202009281731500651', '202009291207160775', 'IMG_20200925_125728.jpg', '7bit', 'bd95d52570a1fecf2badddf506bd4c52', 'image/jpeg', 3470133, 'https://drive.google.com/uc?id=1BWT6EqtP6UDwbrVN-Q-90xoXTmPvCKHR&export=download', '20200929', '120753', '20200929120753');
INSERT INTO `TASK_GROUP_DETAIL_USER_CMT_FILE_UPLOAD` VALUES ('1OTlGgcgvLjVkxeEFOHTxo_SRU2pim4Po', 'GOOGLE_DRIVE', '113486759599812914431', '202009281731500651', '202009291741010721', '【富岡・七日市】バグ管理表_20200825 (1).xlsm', '7bit', '3142c8ab8c68adf3ab3368f0d34de187', 'application/vnd.ms-excel.sheet.macroenabled.12', 1999675, 'https://drive.google.com/uc1id=1OTlGgcgvLjVkxeEFOHTxo_SRU2pim4Po&export=download', '20200929', '174106', '20200929174106');
INSERT INTO `TASK_GROUP_DETAIL_USER_CMT_FILE_UPLOAD` VALUES ('1AnFDsn8iSoxX0BF0alNH4p_Jlr8xALOt', 'GOOGLE_DRIVE', '113486759599812914431', '202009281731500651', '202009291207160775', 'IMG_20200925_125736.jpg', '7bit', '52dde0bbdb70e3e8f7cda56e2034aed6', 'image/jpeg', 2606369, 'https://drive.google.com/uc?id=1AnFDsn8iSoxX0BF0alNH4p_Jlr8xALOt&export=download', '20200929', '120748', '20200929120748');
INSERT INTO `TASK_GROUP_DETAIL_USER_CMT_FILE_UPLOAD` VALUES ('1OTxDDc8ZyptBJn4wAdhOcS-UnfwEEw_r', 'GOOGLE_DRIVE', '113486759599812914431', '202009281731500651', '202009291207160775', 'IMG_20200925_125749.jpg', '7bit', '54917a808a7f13aaa7cb6427fd109faa', 'image/jpeg', 2793345, 'https://drive.google.com/uc?id=1OTxDDc8ZyptBJn4wAdhOcS-UnfwEEw_r&export=download', '20200929', '120744', '20200929120744');
INSERT INTO `TASK_GROUP_DETAIL_USER_CMT_FILE_UPLOAD` VALUES ('184yK1UplFKuVURPUV84Oyn-4YkHySNvn', 'GOOGLE_DRIVE', '113486759599812914431', '202009281731500651', '202009291207160775', 'IMG_20200925_125757.jpg', '7bit', '3fbcc282b06d7cc26afb0cb3f71f3167', 'image/jpeg', 3321033, 'https://drive.google.com/uc?id=184yK1UplFKuVURPUV84Oyn-4YkHySNvn&export=download', '20200929', '120740', '20200929120740');
INSERT INTO `TASK_GROUP_DETAIL_USER_CMT_FILE_UPLOAD` VALUES ('1cs4Zxy11xuKnaHYydPuXHImVK_VG710S', 'GOOGLE_DRIVE', '113486759599812914431', '202009281731500651', '202009291207160775', 'IMG_20200925_125827.jpg', '7bit', '4f95f134b39c0e7d55da98d5dca1b5ac', 'image/jpeg', 1893965, 'https://drive.google.com/uc?id=1cs4Zxy11xuKnaHYydPuXHImVK_VG710S&export=download', '20200929', '120736', '20200929120736');
INSERT INTO `TASK_GROUP_DETAIL_USER_CMT_FILE_UPLOAD` VALUES ('1shxcPBVviah6U0PtSaR9XUhkwLZZftIt', 'GOOGLE_DRIVE', '113486759599812914431', '202009281731500651', '202009291207160775', 'IMG_20200925_125839.jpg', '7bit', '1eb97190c9a6bce32f13e26a405659ba', 'image/jpeg', 1831931, 'https://drive.google.com/uc?id=1shxcPBVviah6U0PtSaR9XUhkwLZZftIt&export=download', '20200929', '120733', '20200929120733');
INSERT INTO `TASK_GROUP_DETAIL_USER_CMT_FILE_UPLOAD` VALUES ('1smAg5PCwq51vtALY-LFZavcm-3wpvOkK', 'GOOGLE_DRIVE', '113486759599812914431', '202009281731500651', '202009291207160775', 'IMG_20200925_125846.jpg', '7bit', 'ed70f7ba9c142a79f9b889acb5b92ddb', 'image/jpeg', 1758126, 'https://drive.google.com/uc?id=1smAg5PCwq51vtALY-LFZavcm-3wpvOkK&export=download', '20200929', '120730', '20200929120730');
INSERT INTO `TASK_GROUP_DETAIL_USER_CMT_FILE_UPLOAD` VALUES ('1qp7mWvCxwN1u2ww9TpRX0HsAExBaQnrQ', 'GOOGLE_DRIVE', '113486759599812914431', '202009281731500651', '202009291207160775', 'IMG_20200925_125910.jpg', '7bit', 'febf7705425af6e11973596ff0d794a9', 'image/jpeg', 1979206, 'https://drive.google.com/uc1id=1qp7mWvCxwN1u2ww9TpRX0HsAExBaQnrQ&export=download', '20200929', '120723', '20200929120723');
INSERT INTO `TASK_GROUP_DETAIL_USER_CMT_FILE_UPLOAD` VALUES ('1dUMrNKRmKu9KMHBpycFbs1rTS7Y1VbBn', 'GOOGLE_DRIVE', '113486759599812914431', '202009281731500651', '202009291207160775', 'IMG_20200925_125858.jpg', '7bit', '5053dd37ccdc40d1a84b9e82a4c7bf06', 'image/jpeg', 1696788, 'https://drive.google.com/uc?id=1dUMrNKRmKu9KMHBpycFbs1rTS7Y1VbBn&export=download', '20200929', '120726', '20200929120726');
INSERT INTO `TASK_GROUP_DETAIL_USER_CMT_FILE_UPLOAD` VALUES ('1EcKi6l5toWkZSOOY48Y3lqmHtsNHBkX7', 'GOOGLE_DRIVE', '113486759599812914431', '202009281731500651', '202009291207160700', '【富岡・七日市】バグ管理表_20200825.xlsm', '7bit', '98eb40e85b29f627ebca9c5c7c474c06', 'application/vnd.ms-excel.sheet.macroenabled.12', 1991840, 'https://drive.google.com/uc?id=1EcKi6l5toWkZSOOY48Y3lqmHtsNHBkX7&export=download', '20200929', '120727', '20200929120727');
INSERT INTO `TASK_GROUP_DETAIL_USER_CMT_FILE_UPLOAD` VALUES ('1cFdmxWP2BxaH670kocLA6yrY4-2paGxs', 'GOOGLE_DRIVE', '113486759599812914431', '202009281731500651', '202009291207160700', '【富岡・七日市】バグ管理表_20200825 (1).xlsm', '7bit', '3142c8ab8c68adf3ab3368f0d34de187', 'application/vnd.ms-excel.sheet.macroenabled.12', 1999675, 'https://drive.google.com/uc?id=1cFdmxWP2BxaH670kocLA6yrY4-2paGxs&export=download', '20200929', '120725', '20200929120725');
INSERT INTO `TASK_GROUP_DETAIL_USER_CMT_FILE_UPLOAD` VALUES ('1E2wdAkNsv3pIrFhGqNWcKmWSyYk8WMMB', 'GOOGLE_DRIVE', '113486759599812914431', '202009281731500651', '202009291207160700', '[lehait.net]Microsoft.Activation.Script.v1.1.zip', '7bit', '99b9d4927041b7b6a96a9618088a1a27', 'application/x-zip-compressed', 1747693, 'https://drive.google.com/uc?id=1E2wdAkNsv3pIrFhGqNWcKmWSyYk8WMMB&export=download', '20200929', '120724', '20200929120724');
INSERT INTO `TASK_GROUP_DETAIL_USER_CMT_FILE_UPLOAD` VALUES ('1dXmHGy0lPeZ793t3zJ22RcdGX85x3W2U', 'GOOGLE_DRIVE', '113486759599812914431', '202009281731500651', '202009291207160700', '[lehait.net]KMSpico.v10.2.0.Portable.zip', '7bit', '54d0014bb4272755de6d46942e65c420', 'application/x-zip-compressed', 1284061, 'https://drive.google.com/uc1id=1dXmHGy0lPeZ793t3zJ22RcdGX85x3W2U&export=download', '20200929', '120722', '20200929120722');
INSERT INTO `TASK_GROUP_DETAIL_USER_CMT_FILE_UPLOAD` VALUES ('1-RUs32ftpMxfQEdMk5TbmNp5mQ89CfyQ', 'GOOGLE_DRIVE', '113486759599812914431', '202009281731500651', '202009291102030567', '【富岡・七日市】バグ管理表_20200825.xlsm', '7bit', '98eb40e85b29f627ebca9c5c7c474c06', 'application/vnd.ms-excel.sheet.macroenabled.12', 1991840, 'https://drive.google.com/uc?id=1-RUs32ftpMxfQEdMk5TbmNp5mQ89CfyQ&export=download', '20200929', '110210', '20200929110210');
INSERT INTO `TASK_GROUP_DETAIL_USER_CMT_FILE_UPLOAD` VALUES ('1xaUN7ovlJtE798-wq1o1cJL-NgALLg-I', 'GOOGLE_DRIVE', '113486759599812914431', '202009281731500651', '202009291102030567', '【富岡・七日市】バグ管理表_20200825 (1).xlsm', '7bit', '3142c8ab8c68adf3ab3368f0d34de187', 'application/vnd.ms-excel.sheet.macroenabled.12', 1999675, 'https://drive.google.com/uc1id=1xaUN7ovlJtE798-wq1o1cJL-NgALLg-I&export=download', '20200929', '110208', '20200929110208');
INSERT INTO `TASK_GROUP_DETAIL_USER_CMT_FILE_UPLOAD` VALUES ('16jt7M6B6f7Kb-hlGGx3nVn4hccM9uWDR', 'GOOGLE_DRIVE', '117977997905031416912', '202009290719280780', '202009290934540100', '【富岡・七日市】バグ管理表_20200825.xlsm', '7bit', '98eb40e85b29f627ebca9c5c7c474c06', 'application/vnd.ms-excel.sheet.macroenabled.12', 1991840, 'https://drive.google.com/uc?id=16jt7M6B6f7Kb-hlGGx3nVn4hccM9uWDR&export=download', '20200929', '093458', '20200929093458');
INSERT INTO `TASK_GROUP_DETAIL_USER_CMT_FILE_UPLOAD` VALUES ('1Jt_Q4oJkJN_7GhUKoEYyGMVOKrqowtVC', 'GOOGLE_DRIVE', '117977997905031416912', '202009290719280780', '202009290934540100', '[webphanmem.com]_TidyTabs Pro 1.16.0.rar', '7bit', 'dbfe6b89e10e8db501780fa59d08abcc', 'application/x-rar', 10745838, 'https://drive.google.com/uc1id=1Jt_Q4oJkJN_7GhUKoEYyGMVOKrqowtVC&export=download', '20200929', '093456', '20200929093456');
INSERT INTO `TASK_GROUP_DETAIL_USER_CMT_FILE_UPLOAD` VALUES ('16Qbo97gux27m2Rl-Z-tKw1iKRWEv7C4K', 'GOOGLE_DRIVE', '117977997905031416912', '202009290719280780', '202009290721180411', 'IMG_20200925_125757.jpg', '7bit', '3fbcc282b06d7cc26afb0cb3f71f3167', 'image/jpeg', 3321033, 'https://drive.google.com/uc?id=16Qbo97gux27m2Rl-Z-tKw1iKRWEv7C4K&export=download', '20200929', '072151', '20200929072151');
INSERT INTO `TASK_GROUP_DETAIL_USER_CMT_FILE_UPLOAD` VALUES ('1ktT1i6rGu6jnhV0HkBhTA6paMXAm2aH7', 'GOOGLE_DRIVE', '117977997905031416912', '202009290719280780', '202009290721180411', 'IMG_20200925_125827.jpg', '7bit', '4f95f134b39c0e7d55da98d5dca1b5ac', 'image/jpeg', 1893965, 'https://drive.google.com/uc?id=1ktT1i6rGu6jnhV0HkBhTA6paMXAm2aH7&export=download', '20200929', '072145', '20200929072145');
INSERT INTO `TASK_GROUP_DETAIL_USER_CMT_FILE_UPLOAD` VALUES ('1RJlLXFqrZMCWNMTNQ4RYGFHJ5ySMCZDw', 'GOOGLE_DRIVE', '117977997905031416912', '202009290719280780', '202009290721180411', 'IMG_20200925_125839.jpg', '7bit', '1eb97190c9a6bce32f13e26a405659ba', 'image/jpeg', 1831931, 'https://drive.google.com/uc?id=1RJlLXFqrZMCWNMTNQ4RYGFHJ5ySMCZDw&export=download', '20200929', '072133', '20200929072133');
INSERT INTO `TASK_GROUP_DETAIL_USER_CMT_FILE_UPLOAD` VALUES ('10cp5u4cLgZu12920nbDsqcaRl-32VVjf', 'GOOGLE_DRIVE', '117977997905031416912', '202009290719280780', '202009290721180411', 'IMG_20200925_125858.jpg', '7bit', '5053dd37ccdc40d1a84b9e82a4c7bf06', 'image/jpeg', 1696788, 'https://drive.google.com/uc?id=10cp5u4cLgZu12920nbDsqcaRl-32VVjf&export=download', '20200929', '072126', '20200929072126');
INSERT INTO `TASK_GROUP_DETAIL_USER_CMT_FILE_UPLOAD` VALUES ('1Oc3PEJ72iEWRQ62MWxSQG7X_jGHEb-Eh', 'GOOGLE_DRIVE', '117977997905031416912', '202009290719280780', '202009290721180411', 'IMG_20200925_125846.jpg', '7bit', 'ed70f7ba9c142a79f9b889acb5b92ddb', 'image/jpeg', 1758126, 'https://drive.google.com/uc?id=1Oc3PEJ72iEWRQ62MWxSQG7X_jGHEb-Eh&export=download', '20200929', '072129', '20200929072129');
INSERT INTO `TASK_GROUP_DETAIL_USER_CMT_FILE_UPLOAD` VALUES ('1hPglzYnunOK65sfGF4UmrQGbAE1ZC5vh', 'GOOGLE_DRIVE', '117977997905031416912', '202009290719280780', '202009290721180411', 'IMG_20200925_125910.jpg', '7bit', 'febf7705425af6e11973596ff0d794a9', 'image/jpeg', 1979206, 'https://drive.google.com/uc1id=1hPglzYnunOK65sfGF4UmrQGbAE1ZC5vh&export=download', '20200929', '072123', '20200929072123');
INSERT INTO `TASK_GROUP_DETAIL_USER_CMT_FILE_UPLOAD` VALUES ('1aY3pdMrCb02DmH1XgulLm5bD3lKhS48k', 'GOOGLE_DRIVE', '113486759599812914431', '202009281731500651', '202009290717050382', 'IMG_20200925_125827.jpg', '7bit', '4f95f134b39c0e7d55da98d5dca1b5ac', 'image/jpeg', 1893965, 'https://drive.google.com/uc?id=1aY3pdMrCb02DmH1XgulLm5bD3lKhS48k&export=download', '20200929', '071733', '20200929071733');
INSERT INTO `TASK_GROUP_DETAIL_USER_CMT_FILE_UPLOAD` VALUES ('1JOWFAK7mVd350LD2saW0WlmXWsPF0LNu', 'GOOGLE_DRIVE', '113486759599812914431', '202009281731500651', '202009290717050382', 'IMG_20200925_125839.jpg', '7bit', '1eb97190c9a6bce32f13e26a405659ba', 'image/jpeg', 1831931, 'https://drive.google.com/uc?id=1JOWFAK7mVd350LD2saW0WlmXWsPF0LNu&export=download', '20200929', '071729', '20200929071729');
INSERT INTO `TASK_GROUP_DETAIL_USER_CMT_FILE_UPLOAD` VALUES ('1HgXn9RvtPGBHQRsfVt8lehOSfn9WTEXO', 'GOOGLE_DRIVE', '113486759599812914431', '202009281731500651', '202009290717050382', 'IMG_20200925_125846.jpg', '7bit', 'ed70f7ba9c142a79f9b889acb5b92ddb', 'image/jpeg', 1758126, 'https://drive.google.com/uc?id=1HgXn9RvtPGBHQRsfVt8lehOSfn9WTEXO&export=download', '20200929', '071725', '20200929071725');
INSERT INTO `TASK_GROUP_DETAIL_USER_CMT_FILE_UPLOAD` VALUES ('1EixeK0QGjuKAnSdBTeSYCLmG9NTtDu53', 'GOOGLE_DRIVE', '113486759599812914431', '202009281731500651', '202009290717050382', 'IMG_20200925_125858.jpg', '7bit', '5053dd37ccdc40d1a84b9e82a4c7bf06', 'image/jpeg', 1696788, 'https://drive.google.com/uc?id=1EixeK0QGjuKAnSdBTeSYCLmG9NTtDu53&export=download', '20200929', '071721', '20200929071721');
INSERT INTO `TASK_GROUP_DETAIL_USER_CMT_FILE_UPLOAD` VALUES ('1kv98TLjKtEOohYhQI5ErUO5SpZ_0NVMN', 'GOOGLE_DRIVE', '113486759599812914431', '202009281731500651', '202009290717050382', 'IMG_20200925_125910.jpg', '7bit', 'febf7705425af6e11973596ff0d794a9', 'image/jpeg', 1979206, 'https://drive.google.com/uc?id=1kv98TLjKtEOohYhQI5ErUO5SpZ_0NVMN&export=download', '20200929', '071717', '20200929071717');
INSERT INTO `TASK_GROUP_DETAIL_USER_CMT_FILE_UPLOAD` VALUES ('1QJXJdmSjOaInUY_SSDt170zyckYlfMlx', 'GOOGLE_DRIVE', '113486759599812914431', '202009281731500651', '202009290717050382', 'IMG_20200927_083801.jpg', '7bit', '21ad6025910a5875d27d654111bbb922', 'image/jpeg', 110493, 'https://drive.google.com/uc?id=1QJXJdmSjOaInUY_SSDt170zyckYlfMlx&export=download', '20200929', '071713', '20200929071713');
INSERT INTO `TASK_GROUP_DETAIL_USER_CMT_FILE_UPLOAD` VALUES ('1Bt96zNGbeVAw3Wi9OWLbjHmawo2MS68s', 'GOOGLE_DRIVE', '113486759599812914431', '202009281731500651', '202009290717050382', 'IMG_20200926_162105.jpg', '7bit', '8a330f4276e73ce774740b68bcb66f57', 'image/jpeg', 348533, 'https://drive.google.com/uc?id=1Bt96zNGbeVAw3Wi9OWLbjHmawo2MS68s&export=download', '20200929', '071711', '20200929071711');
INSERT INTO `TASK_GROUP_DETAIL_USER_CMT_FILE_UPLOAD` VALUES ('18eROo_6KwkwqbaaAbOObSCgShEzF2aiF', 'GOOGLE_DRIVE', '113486759599812914431', '202009281731500651', '202009290717050382', 'Screenshot_2020-09-26-16-36-46-328_com.android.chrome.jpg', '7bit', 'e20208d0bfc70616710628c6583c576e', 'image/jpeg', 602264, 'https://drive.google.com/uc1id=18eROo_6KwkwqbaaAbOObSCgShEzF2aiF&export=download', '20200929', '071708', '20200929071708');
INSERT INTO `TASK_GROUP_DETAIL_USER_CMT_FILE_UPLOAD` VALUES ('1nYhNdg2-cU59WbsTfKWmXek_ueYSyLfM', 'GOOGLE_DRIVE', '113486759599812914431', '202009281731500651', '202009290710340875', 'Screenshot_2020-09-17-21-01-13-741_com.android.chrome.jpg', '7bit', 'bcf6e6c2185a5b011fad3c1341c0e0b4', 'image/jpeg', 579204, 'https://drive.google.com/uc?id=1nYhNdg2-cU59WbsTfKWmXek_ueYSyLfM&export=download', '20200929', '071208', '20200929071208');
INSERT INTO `TASK_GROUP_DETAIL_USER_CMT_FILE_UPLOAD` VALUES ('1t8rKuBOwY1Hq15h6U5_s7e3G8UoeHUDu', 'GOOGLE_DRIVE', '113486759599812914431', '202009281731500651', '202009290710340875', 'Screenshot_2020-09-17-21-06-39-906_com.android.chrome.jpg', '7bit', '0976a46b6e557094b36a79255ef59219', 'image/jpeg', 605471, 'https://drive.google.com/uc?id=1t8rKuBOwY1Hq15h6U5_s7e3G8UoeHUDu&export=download', '20200929', '071205', '20200929071205');
INSERT INTO `TASK_GROUP_DETAIL_USER_CMT_FILE_UPLOAD` VALUES ('1rc_sEn8FT2jshFwvT9ttmTTYH_wkXHNd', 'GOOGLE_DRIVE', '113486759599812914431', '202009281731500651', '202009290710340875', 'IMG_20200918_184740.jpg', '7bit', '0b6c89cf74463a5b5e943d22c7e6cf2a', 'image/jpeg', 6226047, 'https://drive.google.com/uc?id=1rc_sEn8FT2jshFwvT9ttmTTYH_wkXHNd&export=download', '20200929', '071202', '20200929071202');
INSERT INTO `TASK_GROUP_DETAIL_USER_CMT_FILE_UPLOAD` VALUES ('1v188I78b6nM4NJa6yr4KilZgGedrFCBu', 'GOOGLE_DRIVE', '113486759599812914431', '202009281731500651', '202009290710340875', 'IMG_20200918_184748.jpg', '7bit', 'ad079d5e546727d91f7ea458c86261ea', 'image/jpeg', 4143772, 'https://drive.google.com/uc?id=1v188I78b6nM4NJa6yr4KilZgGedrFCBu&export=download', '20200929', '071150', '20200929071150');
INSERT INTO `TASK_GROUP_DETAIL_USER_CMT_FILE_UPLOAD` VALUES ('1TQOaXFgvu41y54ZH804b5XPzgi5UFNXz', 'GOOGLE_DRIVE', '113486759599812914431', '202009281731500651', '202009290710340875', 'IMG_20200918_184743.jpg', '7bit', '920d3a8c27b74717fbf263a984db3615', 'image/jpeg', 3999003, 'https://drive.google.com/uc?id=1TQOaXFgvu41y54ZH804b5XPzgi5UFNXz&export=download', '20200929', '071155', '20200929071155');
INSERT INTO `TASK_GROUP_DETAIL_USER_CMT_FILE_UPLOAD` VALUES ('1NkL4RQ46mRQAOe1ewgn_GNNDqPWFXHi_', 'GOOGLE_DRIVE', '113486759599812914431', '202009281731500651', '202009290710340875', 'IMG_20200918_184755.jpg', '7bit', '0a078921a3d7586b725e4005394818a0', 'image/jpeg', 5362762, 'https://drive.google.com/uc?id=1NkL4RQ46mRQAOe1ewgn_GNNDqPWFXHi_&export=download', '20200929', '071144', '20200929071144');
INSERT INTO `TASK_GROUP_DETAIL_USER_CMT_FILE_UPLOAD` VALUES ('1b4M78jC6zQrhG1rgSTrZZ5dSRbui-jx2', 'GOOGLE_DRIVE', '113486759599812914431', '202009281731500651', '202009290710340875', 'IMG_20200918_184758.jpg', '7bit', '6bf539b6fe86d5e29510f275686c37b2', 'image/jpeg', 4365281, 'https://drive.google.com/uc?id=1b4M78jC6zQrhG1rgSTrZZ5dSRbui-jx2&export=download', '20200929', '071132', '20200929071132');
INSERT INTO `TASK_GROUP_DETAIL_USER_CMT_FILE_UPLOAD` VALUES ('1pNc8FdcqYLxS6i_-I3IJF3cjEMd8nMRx', 'GOOGLE_DRIVE', '113486759599812914431', '202009281731500651', '202009290710340875', 'IMG_20200918_184800.jpg', '7bit', '10192a1f9423dc11165638e97b17c637', 'image/jpeg', 6706808, 'https://drive.google.com/uc?id=1pNc8FdcqYLxS6i_-I3IJF3cjEMd8nMRx&export=download', '20200929', '071121', '20200929071121');
INSERT INTO `TASK_GROUP_DETAIL_USER_CMT_FILE_UPLOAD` VALUES ('14yQrnqvtT5caAgmlK8raFHwthDtVrLoE', 'GOOGLE_DRIVE', '113486759599812914431', '202009281731500651', '202009290710340875', 'IMG_20200918_190129.jpg', '7bit', 'f2a885b602dc53f45ce377971cdfa23b', 'image/jpeg', 3715723, 'https://drive.google.com/uc?id=14yQrnqvtT5caAgmlK8raFHwthDtVrLoE&export=download', '20200929', '071108', '20200929071108');
INSERT INTO `TASK_GROUP_DETAIL_USER_CMT_FILE_UPLOAD` VALUES ('1QnrW1wx0gD4d26DE7j3zSSb8wOxU-JOt', 'GOOGLE_DRIVE', '113486759599812914431', '202009281731500651', '202009290710340875', 'IMG_20200918_190132.jpg', '7bit', '27a2d5b10898fd022a182a21ebb15ac9', 'image/jpeg', 4900441, 'https://drive.google.com/uc?id=1QnrW1wx0gD4d26DE7j3zSSb8wOxU-JOt&export=download', '20200929', '071114', '20200929071114');
INSERT INTO `TASK_GROUP_DETAIL_USER_CMT_FILE_UPLOAD` VALUES ('1ID6S0QOUghC6l9llTtOCP2cttsNr4FYv', 'GOOGLE_DRIVE', '113486759599812914431', '202009281731500651', '202009290710340875', 'IMG_20200918_190128.jpg', '7bit', '16b7a236574015c7ef8b18637e6119bf', 'image/jpeg', 4716626, 'https://drive.google.com/uc?id=1ID6S0QOUghC6l9llTtOCP2cttsNr4FYv&export=download', '20200929', '071103', '20200929071103');
INSERT INTO `TASK_GROUP_DETAIL_USER_CMT_FILE_UPLOAD` VALUES ('1k2eqq9XLhcXNUZpvg1no3BtI5pxOmkKb', 'GOOGLE_DRIVE', '113486759599812914431', '202009281731500651', '202009290710340875', 'IMG_20200918_190124.jpg', '7bit', 'c53e7bf1d5557293909e65073e53036d', 'image/jpeg', 3354407, 'https://drive.google.com/uc?id=1k2eqq9XLhcXNUZpvg1no3BtI5pxOmkKb&export=download', '20200929', '071054', '20200929071054');
INSERT INTO `TASK_GROUP_DETAIL_USER_CMT_FILE_UPLOAD` VALUES ('1fL2IVOKb28Z3f-hJH6c4ZmM0KGICEur5', 'GOOGLE_DRIVE', '113486759599812914431', '202009281731500651', '202009290710340875', 'Screenshot_2020-09-19-09-42-20-183_com.vnpay.vpbankonline.jpg', '7bit', '74adf39e9d4173fe04c3274c60f2098f', 'image/jpeg', 301576, 'https://drive.google.com/uc?id=1fL2IVOKb28Z3f-hJH6c4ZmM0KGICEur5&export=download', '20200929', '071040', '20200929071040');
INSERT INTO `TASK_GROUP_DETAIL_USER_CMT_FILE_UPLOAD` VALUES ('17hhVqgt2vRdXUb9-9vonkFn5CXTLH9sJ', 'GOOGLE_DRIVE', '113486759599812914431', '202009281731500651', '202009290708490410', 'IMG_20200925_125749.jpg', '7bit', '54917a808a7f13aaa7cb6427fd109faa', 'image/jpeg', 2793345, 'https://drive.google.com/uc?id=17hhVqgt2vRdXUb9-9vonkFn5CXTLH9sJ&export=download', '20200929', '070930', '20200929070930');
INSERT INTO `TASK_GROUP_DETAIL_USER_CMT_FILE_UPLOAD` VALUES ('1oSR2p8SFFnEmzDEWZSStz0t-Qbcsd37I', 'GOOGLE_DRIVE', '113486759599812914431', '202009281731500651', '202009290710340875', 'Screenshot_2020-09-21-08-40-44-187_com.vnpay.vpbankonline.jpg', '7bit', 'db5763c69aada39c810373a4a131c63d', 'image/jpeg', 307394, 'https://drive.google.com/uc1id=1oSR2p8SFFnEmzDEWZSStz0t-Qbcsd37I&export=download', '20200929', '071038', '20200929071038');
INSERT INTO `TASK_GROUP_DETAIL_USER_CMT_FILE_UPLOAD` VALUES ('16DiYzZgF9cp_KCyzH4mf_GphE3wQBBuu', 'GOOGLE_DRIVE', '113486759599812914431', '202009281731500651', '202009290708490410', 'IMG_20200925_125757.jpg', '7bit', '3fbcc282b06d7cc26afb0cb3f71f3167', 'image/jpeg', 3321033, 'https://drive.google.com/uc?id=16DiYzZgF9cp_KCyzH4mf_GphE3wQBBuu&export=download', '20200929', '070924', '20200929070924');
INSERT INTO `TASK_GROUP_DETAIL_USER_CMT_FILE_UPLOAD` VALUES ('13zvsBfSndw_oMJ1EmCPB6gPnz5r_pJYd', 'GOOGLE_DRIVE', '113486759599812914431', '202009281731500651', '202009290708490410', 'IMG_20200925_125827.jpg', '7bit', '4f95f134b39c0e7d55da98d5dca1b5ac', 'image/jpeg', 1893965, 'https://drive.google.com/uc?id=13zvsBfSndw_oMJ1EmCPB6gPnz5r_pJYd&export=download', '20200929', '070918', '20200929070918');
INSERT INTO `TASK_GROUP_DETAIL_USER_CMT_FILE_UPLOAD` VALUES ('1GTga41SXUFo4ocAx0lzCDQRRycBADKzB', 'GOOGLE_DRIVE', '113486759599812914431', '202009281731500651', '202009290708490410', 'IMG_20200925_125839.jpg', '7bit', '1eb97190c9a6bce32f13e26a405659ba', 'image/jpeg', 1831931, 'https://drive.google.com/uc?id=1GTga41SXUFo4ocAx0lzCDQRRycBADKzB&export=download', '20200929', '070914', '20200929070914');
INSERT INTO `TASK_GROUP_DETAIL_USER_CMT_FILE_UPLOAD` VALUES ('1qB1MUtTNg9E8zEdNyKL6rqa9QrT3pTVn', 'GOOGLE_DRIVE', '113486759599812914431', '202009281731500651', '202009290708490410', 'IMG_20200925_125846.jpg', '7bit', 'ed70f7ba9c142a79f9b889acb5b92ddb', 'image/jpeg', 1758126, 'https://drive.google.com/uc?id=1qB1MUtTNg9E8zEdNyKL6rqa9QrT3pTVn&export=download', '20200929', '070910', '20200929070910');
INSERT INTO `TASK_GROUP_DETAIL_USER_CMT_FILE_UPLOAD` VALUES ('1xwifsNDt5SvwARNggeDAKznnViMYZVsj', 'GOOGLE_DRIVE', '113486759599812914431', '202009281731500651', '202009290708490410', 'IMG_20200925_125910.jpg', '7bit', 'febf7705425af6e11973596ff0d794a9', 'image/jpeg', 1979206, 'https://drive.google.com/uc?id=1xwifsNDt5SvwARNggeDAKznnViMYZVsj&export=download', '20200929', '070904', '20200929070904');
INSERT INTO `TASK_GROUP_DETAIL_USER_CMT_FILE_UPLOAD` VALUES ('1E0kFvW8DVYVdI7UI-BrPkyAZJnw6MyfB', 'GOOGLE_DRIVE', '113486759599812914431', '202009281731500651', '202009290708490410', 'IMG_20200925_125858.jpg', '7bit', '5053dd37ccdc40d1a84b9e82a4c7bf06', 'image/jpeg', 1696788, 'https://drive.google.com/uc?id=1E0kFvW8DVYVdI7UI-BrPkyAZJnw6MyfB&export=download', '20200929', '070907', '20200929070907');
INSERT INTO `TASK_GROUP_DETAIL_USER_CMT_FILE_UPLOAD` VALUES ('1xdsk3PHJStp5qR4ISTXXCAUY14x8AGw2', 'GOOGLE_DRIVE', '113486759599812914431', '202009281731500651', '202009290708490410', 'IMG_UPLOAD_20200925_210923.jpg', '7bit', 'b8432c9fcd2327c8336d7de5bda6a892', 'image/jpeg', 694403, 'https://drive.google.com/uc?id=1xdsk3PHJStp5qR4ISTXXCAUY14x8AGw2&export=download', '20200929', '070900', '20200929070900');
INSERT INTO `TASK_GROUP_DETAIL_USER_CMT_FILE_UPLOAD` VALUES ('1zzWZ26Rpn9MN5XXOVlL2ACgikqO885Gk', 'GOOGLE_DRIVE', '113486759599812914431', '202009281731500651', '202009290708490410', 'IMG_20200926_162105.jpg', '7bit', '8a330f4276e73ce774740b68bcb66f57', 'image/jpeg', 348533, 'https://drive.google.com/uc?id=1zzWZ26Rpn9MN5XXOVlL2ACgikqO885Gk&export=download', '20200929', '070857', '20200929070857');
INSERT INTO `TASK_GROUP_DETAIL_USER_CMT_FILE_UPLOAD` VALUES ('1rcurq1jVqCoCp_fVvXTH0O4qiq7UsCDB', 'GOOGLE_DRIVE', '113486759599812914431', '202009281731500651', '202009290708490410', 'Screenshot_2020-09-26-16-36-46-328_com.android.chrome.jpg', '7bit', 'e20208d0bfc70616710628c6583c576e', 'image/jpeg', 602264, 'https://drive.google.com/uc1id=1rcurq1jVqCoCp_fVvXTH0O4qiq7UsCDB&export=download', '20200929', '070854', '20200929070854');
INSERT INTO `TASK_GROUP_DETAIL_USER_CMT_FILE_UPLOAD` VALUES ('1esf-BYBUEN7tq4me_bZyuu1dkeeqlyEL', 'GOOGLE_DRIVE', '100324242456731592569', '202009281731500651', '202009290704140032', 'IMG_20200926_162105.jpg', '7bit', '8a330f4276e73ce774740b68bcb66f57', 'image/jpeg', 348533, 'https://drive.google.com/uc?id=1esf-BYBUEN7tq4me_bZyuu1dkeeqlyEL&export=download', '20200929', '070415', '20200929070415');
INSERT INTO `TASK_GROUP_DETAIL_USER_CMT_FILE_UPLOAD` VALUES ('1Xj5WV8ga3jRYCuV-0IxeG40M8aSdFvQr', 'GOOGLE_DRIVE', '100324242456731592569', '202009281731500651', '202009290704140032', 'IMG_UPLOAD_20200925_210923.jpg', '7bit', 'b8432c9fcd2327c8336d7de5bda6a892', 'image/jpeg', 694403, 'https://drive.google.com/uc?id=1Xj5WV8ga3jRYCuV-0IxeG40M8aSdFvQr&export=download', '20200929', '070415', '20200929070415');
INSERT INTO `TASK_GROUP_DETAIL_USER_CMT_FILE_UPLOAD` VALUES ('1xpvX2L1BCJYWlK7gZ3givIT-L67XTKHX', 'GOOGLE_DRIVE', '100324242456731592569', '202009281731500651', '202009290704140032', 'Screenshot_2020-09-26-16-36-46-328_com.android.chrome.jpg', '7bit', 'e20208d0bfc70616710628c6583c576e', 'image/jpeg', 602264, 'https://drive.google.com/uc?id=1xpvX2L1BCJYWlK7gZ3givIT-L67XTKHX&export=download', '20200929', '070415', '20200929070415');
INSERT INTO `TASK_GROUP_DETAIL_USER_CMT_FILE_UPLOAD` VALUES ('1ai9UPy44qgIeA7v-KhucsvAGd_M5af0P', 'GOOGLE_DRIVE', '106514682865442059423', '202009281731500651', '202009281816200874', '50-thanh-ngu-thu-vi-trong-tieng-anh-phan-2 (1).pdf', '7bit', '5f61643fbcaec4449c303be1f60218d9', 'application/pdf', 4341789, 'https://drive.google.com/uc?id=1ai9UPy44qgIeA7v-KhucsvAGd_M5af0P&export=download', '20200928', '181627', '20200928181627');
INSERT INTO `TASK_GROUP_DETAIL_USER_CMT_FILE_UPLOAD` VALUES ('19P9eAsUcDBjtL0gdoJOofyqyxn-ERd3g', 'GOOGLE_DRIVE', '106514682865442059423', '202009281731500651', '202009281822390563', '[lehait.net]Microsoft.Activation.Script.v1.1.zip', '7bit', '99b9d4927041b7b6a96a9618088a1a27', 'application/x-zip-compressed', 1747693, 'https://drive.google.com/uc1id=19P9eAsUcDBjtL0gdoJOofyqyxn-ERd3g&export=download', '20200928', '182241', '20200928182241');
INSERT INTO `TASK_GROUP_DETAIL_USER_CMT_FILE_UPLOAD` VALUES ('1NR1gu1tYo-O0skArJ-IBsXN4gdnySkwW', 'GOOGLE_DRIVE', '106514682865442059423', '202009281731500651', '202009281816200874', '11SKNREP020_KOSAN_REPORT.rpt', '7bit', 'b319ed4dede6fd861202a65d0d1c3906', 'application/octet-stream', 49152, 'https://drive.google.com/uc?id=1NR1gu1tYo-O0skArJ-IBsXN4gdnySkwW&export=download', '20200928', '181623', '20200928181623');
INSERT INTO `TASK_GROUP_DETAIL_USER_CMT_FILE_UPLOAD` VALUES ('166k1nZI-kfzRPUHOgWxAGmtxXPUUUGjr', 'GOOGLE_DRIVE', '106514682865442059423', '202009281731500651', '202009281816200874', '11SKNREP020_IPPAN_REPORT.rpt', '7bit', '1057d65c5bfe875322c3c4f93bc238ae', 'application/octet-stream', 65536, 'https://drive.google.com/uc1id=166k1nZI-kfzRPUHOgWxAGmtxXPUUUGjr&export=download', '20200928', '181622', '20200928181622');
INSERT INTO `TASK_GROUP_DETAIL_USER_CMT_FILE_UPLOAD` VALUES ('1flKH1Kd5OuNt9erjzApRAhLyuQj_n12e', 'GOOGLE_DRIVE', '106514682865442059423', '202009281731500651', '202009281815360608', '[lehait.net]Microsoft.Activation.Script.v1.1.zip', '7bit', '99b9d4927041b7b6a96a9618088a1a27', 'application/x-zip-compressed', 1747693, 'https://drive.google.com/uc?id=1flKH1Kd5OuNt9erjzApRAhLyuQj_n12e&export=download', '20200928', '181539', '20200928181539');
INSERT INTO `TASK_GROUP_DETAIL_USER_CMT_FILE_UPLOAD` VALUES ('1YcY9O56rWUoaIhygLqCu6AGuR4RgJ1bg', 'GOOGLE_DRIVE', '106514682865442059423', '202009281731500651', '202009281815360608', '[lehait.net]KMSpico.v10.2.0.Portable.zip', '7bit', '54d0014bb4272755de6d46942e65c420', 'application/x-zip-compressed', 1284061, 'https://drive.google.com/uc1id=1YcY9O56rWUoaIhygLqCu6AGuR4RgJ1bg&export=download', '20200928', '181538', '20200928181538');
INSERT INTO `TASK_GROUP_DETAIL_USER_CMT_FILE_UPLOAD` VALUES ('1hfLUpOGALn_IpzoWAqLJhql5IoTNQIja', 'GOOGLE_DRIVE', '106514682865442059423', '202009281731500651', '202009281812260774', '[webphanmem.com]_TidyTabs Pro 1.16.0.rar', '7bit', 'dbfe6b89e10e8db501780fa59d08abcc', 'application/x-rar', 10745838, 'https://drive.google.com/uc1id=1hfLUpOGALn_IpzoWAqLJhql5IoTNQIja&export=download', '20200928', '181229', '20200928181229');
INSERT INTO `TASK_GROUP_DETAIL_USER_CMT_FILE_UPLOAD` VALUES ('19SnM3k5hSEGf8k_gOYnLivCELzRQ4DeL', 'GOOGLE_DRIVE', '106514682865442059423', '202009281731500651', '202009281811390883', 'Able_Doc.zip', '7bit', '4a9300cbc2cb7f2f8d773746724b6cef', 'application/x-zip-compressed', 10463707, 'https://drive.google.com/uc1id=19SnM3k5hSEGf8k_gOYnLivCELzRQ4DeL&export=download', '20200928', '181143', '20200928181143');
INSERT INTO `TASK_GROUP_DETAIL_USER_CMT_FILE_UPLOAD` VALUES ('1ITEXWUkz53WRb6luH3t14UK9r3vc_-lx', 'GOOGLE_DRIVE', '106514682865442059423', '202009281731500651', '202009281810540528', '[lehait.net]Microsoft.Activation.Script.v1.1.zip', '7bit', '99b9d4927041b7b6a96a9618088a1a27', 'application/x-zip-compressed', 1747693, 'https://drive.google.com/uc?id=1ITEXWUkz53WRb6luH3t14UK9r3vc_-lx&export=download', '20200928', '181100', '20200928181100');
INSERT INTO `TASK_GROUP_DETAIL_USER_CMT_FILE_UPLOAD` VALUES ('1UHnU4_ItcVDQ8bRsu05mSUzmTDSF4v2k', 'GOOGLE_DRIVE', '106514682865442059423', '202009281731500651', '202009281810540528', '[lehait.net]KMSpico.v10.2.0.Portable.zip', '7bit', '54d0014bb4272755de6d46942e65c420', 'application/x-zip-compressed', 1284061, 'https://drive.google.com/uc1id=1UHnU4_ItcVDQ8bRsu05mSUzmTDSF4v2k&export=download', '20200928', '181058', '20200928181058');
INSERT INTO `TASK_GROUP_DETAIL_USER_CMT_FILE_UPLOAD` VALUES ('1K4xvnUzVcxu_W119LGCPZv9a4_3i350o', 'GOOGLE_DRIVE', '100324242456731592569', '202009281731500651', '202009281733380554', 'ARB010 H test 2018.11.12 1500.rar', '7bit', 'ecc7d0149c34a452b0ab742285107ad7', 'application/x-rar', 659252, 'https://drive.google.com/uc1id=1K4xvnUzVcxu_W119LGCPZv9a4_3i350o&export=download', '20200928', '173340', '20200928173340');
INSERT INTO `TASK_GROUP_DETAIL_USER_CMT_FILE_UPLOAD` VALUES ('1F3ZpCkm9lIkknkJ9bx59HUmaZ3BwlJyb', 'GOOGLE_DRIVE', '100324242456731592569', '202009281731500651', '202009281733380554', 'ARB030 H test 2019.12.13.rar', '7bit', 'ae3662da5b04794ef8fda7704ebff990', 'application/x-rar', 686241, 'https://drive.google.com/uc?id=1F3ZpCkm9lIkknkJ9bx59HUmaZ3BwlJyb&export=download', '20200928', '173341', '20200928173341');
INSERT INTO `TASK_GROUP_DETAIL_USER_CMT_FILE_UPLOAD` VALUES ('1jdvHezY0G8t6k8yt0VtWaS23AbBInPUz', 'GOOGLE_DRIVE', '100324242456731592569', '202009281731500651', '202009281733380554', 'Audio Toolkit v6.5.3.unitypackage', '7bit', '93b4af147a2da420c21aa0d33f8e7239', 'application/x-gzip', 6285030, 'https://drive.google.com/uc?id=1jdvHezY0G8t6k8yt0VtWaS23AbBInPUz&export=download', '20200928', '173343', '20200928173343');
INSERT INTO `TASK_GROUP_DETAIL_USER_CMT_FILE_UPLOAD` VALUES ('1UTkq8uVgzdXbNrpIYHKJHITtkUpcjH6z', 'GOOGLE_DRIVE', '100324242456731592569', '202009281731500651', '202009281734120205', '[lehait.net]Microsoft.Activation.Script.v1.1.zip', '7bit', '99b9d4927041b7b6a96a9618088a1a27', 'application/x-zip-compressed', 1747693, 'https://drive.google.com/uc1id=1UTkq8uVgzdXbNrpIYHKJHITtkUpcjH6z&export=download', '20200928', '173413', '20200928173413');
INSERT INTO `TASK_GROUP_DETAIL_USER_CMT_FILE_UPLOAD` VALUES ('1eNFO__2quq_ZGb3DO7KhR1wD-iQ0m-1B', 'GOOGLE_DRIVE', '106514682865442059423', '202009292212060961', '202009301132100121', '50-thanh-ngu-thu-vi-trong-tieng-anh-phan-2 (1).pdf', '7bit', '5f61643fbcaec4449c303be1f60218d9', 'application/pdf', 4341789, 'https://drive.google.com/uc?id=1eNFO__2quq_ZGb3DO7KhR1wD-iQ0m-1B&export=download', '20200930', '113220', '20200930113220');
INSERT INTO `TASK_GROUP_DETAIL_USER_CMT_FILE_UPLOAD` VALUES ('17wN91ce1RyqikhiHMLZFk8hE8_NXoEhw', 'GOOGLE_DRIVE', '106514682865442059423', '202009292212060961', '202009301132100121', '50-thanh-ngu-thu-vi-trong-tieng-anh-phan-2.pdf', '7bit', '5f61643fbcaec4449c303be1f60218d9', 'application/pdf', 4341789, 'https://drive.google.com/uc?id=17wN91ce1RyqikhiHMLZFk8hE8_NXoEhw&export=download', '20200930', '113223', '20200930113223');
INSERT INTO `TASK_GROUP_DETAIL_USER_CMT_FILE_UPLOAD` VALUES ('1hll1huTllxFv_KhaJAKRDtvSy8q3i38D', 'GOOGLE_DRIVE', '113486759599812914431', '202009281731500651', '202009301430040029', '[lehait.net]KMSpico.v10.2.0.Portable.zip', '7bit', '54d0014bb4272755de6d46942e65c420', 'application/x-zip-compressed', 1284061, 'https://drive.google.com/uc1id=1hll1huTllxFv_KhaJAKRDtvSy8q3i38D&export=download', '20200930', '143009', '20200930143009');
INSERT INTO `TASK_GROUP_DETAIL_USER_CMT_FILE_UPLOAD` VALUES ('1Cn_N59cO6mdtMHjoqaao92Jx6dZfNfoj', 'GOOGLE_DRIVE', '113486759599812914431', '202009281731500651', '202009301430040029', '[lehait.net]Microsoft.Activation.Script.v1.1.zip', '7bit', '99b9d4927041b7b6a96a9618088a1a27', 'application/x-zip-compressed', 1747693, 'https://drive.google.com/uc?id=1Cn_N59cO6mdtMHjoqaao92Jx6dZfNfoj&export=download', '20200930', '143014', '20200930143014');
INSERT INTO `TASK_GROUP_DETAIL_USER_CMT_FILE_UPLOAD` VALUES ('1qrJC7q2gbtnTGs4a5Ej9PR_S_C-zRlYV', 'GOOGLE_DRIVE', '100324242456731592569', '202009292148560326', '202009301508110040', '[lehait.net]KMSpico.v10.2.0.Portable.zip', '7bit', '54d0014bb4272755de6d46942e65c420', 'application/x-zip-compressed', 1284061, 'https://drive.google.com/uc1id=1qrJC7q2gbtnTGs4a5Ej9PR_S_C-zRlYV&export=download', '20200930', '150815', '20200930150815');
INSERT INTO `TASK_GROUP_DETAIL_USER_CMT_FILE_UPLOAD` VALUES ('1Vs5YH7fD_FvRH_T77hmICyVMRewi0T3c', 'GOOGLE_DRIVE', '100324242456731592569', '202009292148560326', '202009301508110040', '[lehait.net]Microsoft.Activation.Script.v1.1.zip', '7bit', '99b9d4927041b7b6a96a9618088a1a27', 'application/x-zip-compressed', 1747693, 'https://drive.google.com/uc?id=1Vs5YH7fD_FvRH_T77hmICyVMRewi0T3c&export=download', '20200930', '150817', '20200930150817');
INSERT INTO `TASK_GROUP_DETAIL_USER_CMT_FILE_UPLOAD` VALUES ('1WiLLbd1TCTyZ4gJr_ZalM2es04M40zDY', 'GOOGLE_DRIVE', '100324242456731592569', '202009292148560326', '202009301508110040', '【富岡・七日市】バグ管理表_20200825.xlsm', '7bit', '98eb40e85b29f627ebca9c5c7c474c06', 'application/vnd.ms-excel.sheet.macroenabled.12', 1991840, 'https://drive.google.com/uc?id=1WiLLbd1TCTyZ4gJr_ZalM2es04M40zDY&export=download', '20200930', '150818', '20200930150818');
INSERT INTO `TASK_GROUP_DETAIL_USER_CMT_FILE_UPLOAD` VALUES ('1vFkZ6F2LoLliUuGXz9uyxDKJaK8jVz-I', 'GOOGLE_DRIVE', '113486759599812914431', '202009301522540355', '202009301523220691', 'battle_boss_nhieuBan_1.mp3', '7bit', '0c352092fc062dde19886af8baf5ff57', 'audio/mpeg', 5474010, 'https://drive.google.com/uc1id=1vFkZ6F2LoLliUuGXz9uyxDKJaK8jVz-I&export=download', '20200930', '152328', '20200930152328');
INSERT INTO `TASK_GROUP_DETAIL_USER_CMT_FILE_UPLOAD` VALUES ('19ECqwe4KcXiApO3dv85DUcXx8CRUmalC', 'GOOGLE_DRIVE', '113486759599812914431', '202009301522540355', '202009301523480837', '3File.zip', '7bit', 'ee38c6eace3c04485d93b66cc65a9a5d', 'application/x-zip-compressed', 334007, 'https://drive.google.com/uc1id=19ECqwe4KcXiApO3dv85DUcXx8CRUmalC&export=download', '20200930', '152351', '20200930152351');
INSERT INTO `TASK_GROUP_DETAIL_USER_CMT_FILE_UPLOAD` VALUES ('1MkOZI7ZA_Yl84pZvLtI7jDu-Igryst0f', 'GOOGLE_DRIVE', '113486759599812914431', '202009301522540355', '202009301523480837', '11SKNREP020_IPPAN_REPORT.rpt', '7bit', '1057d65c5bfe875322c3c4f93bc238ae', 'application/octet-stream', 65536, 'https://drive.google.com/uc?id=1MkOZI7ZA_Yl84pZvLtI7jDu-Igryst0f&export=download', '20200930', '152353', '20200930152353');
INSERT INTO `TASK_GROUP_DETAIL_USER_CMT_FILE_UPLOAD` VALUES ('1Jm-dweU4g0fO9zIkaLN5XLp2FrWjRqU4', 'GOOGLE_DRIVE', '113486759599812914431', '202009301522540355', '202009301523480837', '11SKNREP020_KOSAN_REPORT.rpt', '7bit', 'b319ed4dede6fd861202a65d0d1c3906', 'application/octet-stream', 49152, 'https://drive.google.com/uc?id=1Jm-dweU4g0fO9zIkaLN5XLp2FrWjRqU4&export=download', '20200930', '152355', '20200930152355');
INSERT INTO `TASK_GROUP_DETAIL_USER_CMT_FILE_UPLOAD` VALUES ('1HCcDbcu99uMEUcPk03ZBr6ZNW0fZcBdL', 'GOOGLE_DRIVE', '113486759599812914431', '202009281731500651', '202009302203500713', '11.1 TexturingV2.zip.zip', '7bit', 'eab0b30d6c65df7e264a570b34362440', 'application/x-zip-compressed', 10942, 'https://drive.google.com/uc1id=1HCcDbcu99uMEUcPk03ZBr6ZNW0fZcBdL&export=download', '20200930', '220353', '20200930220353');
INSERT INTO `TASK_GROUP_DETAIL_USER_CMT_FILE_UPLOAD` VALUES ('17ReZuIimiZEBb9pd9JLzvwtDL2L0Wppi', 'GOOGLE_DRIVE', '113486759599812914431', '202010011149410463', '202010011150150072', '[lehait.net]Microsoft.Activation.Script.v1.1.zip', '7bit', '99b9d4927041b7b6a96a9618088a1a27', 'application/x-zip-compressed', 1747693, 'https://drive.google.com/uc1id=17ReZuIimiZEBb9pd9JLzvwtDL2L0Wppi&export=download', '20201001', '115020', '20201001115020');
INSERT INTO `TASK_GROUP_DETAIL_USER_CMT_FILE_UPLOAD` VALUES ('1OA_V7weMyVquMxxpnPLjSntSPXhwKpEA', 'GOOGLE_DRIVE', '113486759599812914431', '202010011149410463', '202010011150470105', '【富岡・七日市】バグ管理表_20200825 (1).xlsm', '7bit', '3142c8ab8c68adf3ab3368f0d34de187', 'application/vnd.ms-excel.sheet.macroenabled.12', 1999675, 'https://drive.google.com/uc1id=1OA_V7weMyVquMxxpnPLjSntSPXhwKpEA&export=download', '20201001', '115048', '20201001115048');
INSERT INTO `TASK_GROUP_DETAIL_USER_CMT_FILE_UPLOAD` VALUES ('1_ogIZMdRRWtzJKViI5yXOARACKC-nsGj', 'GOOGLE_DRIVE', '113486759599812914431', '202010011149410463', '202010011150470105', '【富岡・七日市】バグ管理表_20200825.xlsm', '7bit', '98eb40e85b29f627ebca9c5c7c474c06', 'application/vnd.ms-excel.sheet.macroenabled.12', 1991840, 'https://drive.google.com/uc?id=1_ogIZMdRRWtzJKViI5yXOARACKC-nsGj&export=download', '20201001', '115050', '20201001115050');
INSERT INTO `TASK_GROUP_DETAIL_USER_CMT_FILE_UPLOAD` VALUES ('1x3vGo2L7F5kPnGvLw24AneuL1lb_CD-k', 'GOOGLE_DRIVE', '113486759599812914431', '202010011635150681', '202010172221200553', 'IMG_20201012_080248.jpg', '7bit', '8b9f2115ac8296ad2700ad5869c6a3b4', 'image/jpeg', 5849061, 'https://drive.google.com/uc?id=1x3vGo2L7F5kPnGvLw24AneuL1lb_CD-k&export=download', '20201017', '222128', '20201017222128');
INSERT INTO `TASK_GROUP_DETAIL_USER_CMT_FILE_UPLOAD` VALUES ('1YjXZcplFKxslfbIqaA2fRvXgzy6J1QDU', 'GOOGLE_DRIVE', '113486759599812914431', '202010011635150681', '202010172221200553', 'Screenshot_2020-10-12-23-29-17-118_com.DefaultCompany.photen1.jpg', '7bit', '89e20e55a7b5c26a6eb94f27431d0364', 'image/jpeg', 360636, 'https://drive.google.com/uc1id=1YjXZcplFKxslfbIqaA2fRvXgzy6J1QDU&export=download', '20201017', '222124', '20201017222124');
INSERT INTO `TASK_GROUP_DETAIL_USER_CMT_FILE_UPLOAD` VALUES ('1g7sgkFLUojCiSUqC6KJVxppsEu6bR7vu', 'GOOGLE_DRIVE', '113486759599812914431', '202010011635150681', '202010172220460641', 'IMG_20201014_074635.jpg', '7bit', '6811c739824eea6b6a35ce011640f807', 'image/jpeg', 6199682, 'https://drive.google.com/uc1id=1g7sgkFLUojCiSUqC6KJVxppsEu6bR7vu&export=download', '20201017', '222052', '20201017222052');
INSERT INTO `TASK_GROUP_DETAIL_USER_CMT_FILE_UPLOAD` VALUES ('1J8FOynwpAEBOWvQHbMPS20d_dsc_Ga-u', 'GOOGLE_DRIVE', '113486759599812914431', '202010011149410463', '202010171656370855', 'installbackupandsync.exe', '7bit', 'e7975c38134963cadaa1fd9baf155fca', 'application/x-msdownload', 1136176, 'https://drive.google.com/uc1id=1J8FOynwpAEBOWvQHbMPS20d_dsc_Ga-u&export=download', '20201017', '165641', '20201017165641');
INSERT INTO `TASK_GROUP_DETAIL_USER_CMT_FILE_UPLOAD` VALUES ('1J0FFTeslt-SgNKF5sULkv8r37knqBMp6', 'GOOGLE_DRIVE', '113486759599812914431', '202010011546230546', '202010171658210563', 'installbackupandsync.exe', '7bit', 'e7975c38134963cadaa1fd9baf155fca', 'application/x-msdownload', 1136176, 'https://drive.google.com/uc1id=1J0FFTeslt-SgNKF5sULkv8r37knqBMp6&export=download', '20201017', '165824', '20201017165824');
INSERT INTO `TASK_GROUP_DETAIL_USER_CMT_FILE_UPLOAD` VALUES ('1Yd2wukKXPNYyDABb_8QNpLOVkb6HfJZx', 'GOOGLE_DRIVE', '113486759599812914431', '202010011637410299', '202010021137350939', 'thong tin chi tiết mua tên miền.PNG', '7bit', 'af831555e3b37ac6b870c691e07cac14', 'image/png', 128289, 'https://drive.google.com/uc1id=1Yd2wukKXPNYyDABb_8QNpLOVkb6HfJZx&export=download', '20201002', '113739', '20201002113739');

-- ----------------------------
-- Table structure for TASK_GROUP_DETAIL_USER_CMT_NOTIFY
-- ----------------------------
DROP TABLE IF EXISTS `TASK_GROUP_DETAIL_USER_CMT_NOTIFY`;
CREATE TABLE `TASK_GROUP_DETAIL_USER_CMT_NOTIFY`  (
  `id` varchar(100) CHARACTER SET latin1 COLLATE latin1_swedish_ci NOT NULL,
  `creator_id` varchar(50) CHARACTER SET latin1 COLLATE latin1_swedish_ci NULL DEFAULT NULL,
  `notify_to_user_id` varchar(50) CHARACTER SET latin1 COLLATE latin1_swedish_ci NULL DEFAULT NULL,
  `cmt_id` varchar(20) CHARACTER SET latin1 COLLATE latin1_swedish_ci NULL DEFAULT NULL,
  `create_datetime` varchar(15) CHARACTER SET latin1 COLLATE latin1_swedish_ci NULL DEFAULT NULL,
  PRIMARY KEY (`id`) USING BTREE
) ENGINE = MyISAM CHARACTER SET = latin1 COLLATE = latin1_swedish_ci ROW_FORMAT = Dynamic;

-- ----------------------------
-- Records of TASK_GROUP_DETAIL_USER_CMT_NOTIFY
-- ----------------------------
INSERT INTO `TASK_GROUP_DETAIL_USER_CMT_NOTIFY` VALUES ('CMT_DTL_202009291206470514_NOTF_ID_1', '113486759599812914431', '113486759599812914431', '202009291206470514', '20200929120647');
INSERT INTO `TASK_GROUP_DETAIL_USER_CMT_NOTIFY` VALUES ('CMT_DTL_202009291102030567_NOTF_ID_7', '113486759599812914431', '111659080796612880862', '202009291102030567', '20200929110211');
INSERT INTO `TASK_GROUP_DETAIL_USER_CMT_NOTIFY` VALUES ('CMT_DTL_202009291102030567_NOTF_ID_6', '113486759599812914431', '100324242456731592569', '202009291102030567', '20200929110211');
INSERT INTO `TASK_GROUP_DETAIL_USER_CMT_NOTIFY` VALUES ('CMT_DTL_202009291102030567_NOTF_ID_5', '113486759599812914431', '107464133259941824802', '202009291102030567', '20200929110211');
INSERT INTO `TASK_GROUP_DETAIL_USER_CMT_NOTIFY` VALUES ('CMT_DTL_202009291102030567_NOTF_ID_4', '113486759599812914431', '115884274735888505742', '202009291102030567', '20200929110211');
INSERT INTO `TASK_GROUP_DETAIL_USER_CMT_NOTIFY` VALUES ('CMT_DTL_202009291102030567_NOTF_ID_3', '113486759599812914431', '113137136527929851498', '202009291102030567', '20200929110211');
INSERT INTO `TASK_GROUP_DETAIL_USER_CMT_NOTIFY` VALUES ('CMT_DTL_202009291102030567_NOTF_ID_2', '113486759599812914431', '106514682865442059423', '202009291102030567', '20200929110211');
INSERT INTO `TASK_GROUP_DETAIL_USER_CMT_NOTIFY` VALUES ('CMT_DTL_202009291102030567_NOTF_ID_1', '113486759599812914431', '113486759599812914431', '202009291102030567', '20200929110211');
INSERT INTO `TASK_GROUP_DETAIL_USER_CMT_NOTIFY` VALUES ('CMT_DTL_202009291101550865_NOTF_ID_7', '113486759599812914431', '111659080796612880862', '202009291101550865', '20200929110155');
INSERT INTO `TASK_GROUP_DETAIL_USER_CMT_NOTIFY` VALUES ('CMT_DTL_202009291101550865_NOTF_ID_6', '113486759599812914431', '100324242456731592569', '202009291101550865', '20200929110155');
INSERT INTO `TASK_GROUP_DETAIL_USER_CMT_NOTIFY` VALUES ('CMT_DTL_202009291101550865_NOTF_ID_5', '113486759599812914431', '107464133259941824802', '202009291101550865', '20200929110155');
INSERT INTO `TASK_GROUP_DETAIL_USER_CMT_NOTIFY` VALUES ('CMT_DTL_202009291101550865_NOTF_ID_4', '113486759599812914431', '115884274735888505742', '202009291101550865', '20200929110155');
INSERT INTO `TASK_GROUP_DETAIL_USER_CMT_NOTIFY` VALUES ('CMT_DTL_202009291101550865_NOTF_ID_3', '113486759599812914431', '113137136527929851498', '202009291101550865', '20200929110155');
INSERT INTO `TASK_GROUP_DETAIL_USER_CMT_NOTIFY` VALUES ('CMT_DTL_202009291101550865_NOTF_ID_2', '113486759599812914431', '106514682865442059423', '202009291101550865', '20200929110155');
INSERT INTO `TASK_GROUP_DETAIL_USER_CMT_NOTIFY` VALUES ('CMT_DTL_202009291101550865_NOTF_ID_1', '113486759599812914431', '113486759599812914431', '202009291101550865', '20200929110155');
INSERT INTO `TASK_GROUP_DETAIL_USER_CMT_NOTIFY` VALUES ('CMT_DTL_202009290934540100_NOTF_ID_5', '117977997905031416912', '111659080796612880862', '202009290934540100', '20200929093458');
INSERT INTO `TASK_GROUP_DETAIL_USER_CMT_NOTIFY` VALUES ('CMT_DTL_202009290934540100_NOTF_ID_4', '117977997905031416912', '113608011513675196929', '202009290934540100', '20200929093458');
INSERT INTO `TASK_GROUP_DETAIL_USER_CMT_NOTIFY` VALUES ('CMT_DTL_202009290934540100_NOTF_ID_3', '117977997905031416912', '100324242456731592569', '202009290934540100', '20200929093458');
INSERT INTO `TASK_GROUP_DETAIL_USER_CMT_NOTIFY` VALUES ('CMT_DTL_202009290934540100_NOTF_ID_2', '117977997905031416912', '113486759599812914431', '202009290934540100', '20200929093458');
INSERT INTO `TASK_GROUP_DETAIL_USER_CMT_NOTIFY` VALUES ('CMT_DTL_202009290934540100_NOTF_ID_1', '117977997905031416912', '117977997905031416912', '202009290934540100', '20200929093458');
INSERT INTO `TASK_GROUP_DETAIL_USER_CMT_NOTIFY` VALUES ('CMT_DTL_202009290934440717_NOTF_ID_5', '117977997905031416912', '111659080796612880862', '202009290934440717', '20200929093444');
INSERT INTO `TASK_GROUP_DETAIL_USER_CMT_NOTIFY` VALUES ('CMT_DTL_202009290934440717_NOTF_ID_4', '117977997905031416912', '113608011513675196929', '202009290934440717', '20200929093444');
INSERT INTO `TASK_GROUP_DETAIL_USER_CMT_NOTIFY` VALUES ('CMT_DTL_202009290934440717_NOTF_ID_3', '117977997905031416912', '100324242456731592569', '202009290934440717', '20200929093444');
INSERT INTO `TASK_GROUP_DETAIL_USER_CMT_NOTIFY` VALUES ('CMT_DTL_202009290934440717_NOTF_ID_2', '117977997905031416912', '113486759599812914431', '202009290934440717', '20200929093444');
INSERT INTO `TASK_GROUP_DETAIL_USER_CMT_NOTIFY` VALUES ('CMT_DTL_202009290934440717_NOTF_ID_1', '117977997905031416912', '117977997905031416912', '202009290934440717', '20200929093444');
INSERT INTO `TASK_GROUP_DETAIL_USER_CMT_NOTIFY` VALUES ('CMT_DTL_202009290722140044_NOTF_ID_5', '117977997905031416912', '111659080796612880862', '202009290722140044', '20200929072214');
INSERT INTO `TASK_GROUP_DETAIL_USER_CMT_NOTIFY` VALUES ('CMT_DTL_202009290722140044_NOTF_ID_4', '117977997905031416912', '113608011513675196929', '202009290722140044', '20200929072214');
INSERT INTO `TASK_GROUP_DETAIL_USER_CMT_NOTIFY` VALUES ('CMT_DTL_202009290722140044_NOTF_ID_3', '117977997905031416912', '100324242456731592569', '202009290722140044', '20200929072214');
INSERT INTO `TASK_GROUP_DETAIL_USER_CMT_NOTIFY` VALUES ('CMT_DTL_202009290722140044_NOTF_ID_2', '117977997905031416912', '113486759599812914431', '202009290722140044', '20200929072214');
INSERT INTO `TASK_GROUP_DETAIL_USER_CMT_NOTIFY` VALUES ('CMT_DTL_202009290722140044_NOTF_ID_1', '117977997905031416912', '117977997905031416912', '202009290722140044', '20200929072214');
INSERT INTO `TASK_GROUP_DETAIL_USER_CMT_NOTIFY` VALUES ('CMT_DTL_202009290710340875_NOTF_ID_7', '113486759599812914431', '107464133259941824802', '202009290710340875', '20200929071209');
INSERT INTO `TASK_GROUP_DETAIL_USER_CMT_NOTIFY` VALUES ('CMT_DTL_202009290710340875_NOTF_ID_6', '113486759599812914431', '113137136527929851498', '202009290710340875', '20200929071209');
INSERT INTO `TASK_GROUP_DETAIL_USER_CMT_NOTIFY` VALUES ('CMT_DTL_202009290710340875_NOTF_ID_5', '113486759599812914431', '115884274735888505742', '202009290710340875', '20200929071209');
INSERT INTO `TASK_GROUP_DETAIL_USER_CMT_NOTIFY` VALUES ('CMT_DTL_202009290710340875_NOTF_ID_4', '113486759599812914431', '113486759599812914431', '202009290710340875', '20200929071209');
INSERT INTO `TASK_GROUP_DETAIL_USER_CMT_NOTIFY` VALUES ('CMT_DTL_202009290710340875_NOTF_ID_3', '113486759599812914431', '100324242456731592569', '202009290710340875', '20200929071209');
INSERT INTO `TASK_GROUP_DETAIL_USER_CMT_NOTIFY` VALUES ('CMT_DTL_202009290710340875_NOTF_ID_2', '113486759599812914431', '106514682865442059423', '202009290710340875', '20200929071209');
INSERT INTO `TASK_GROUP_DETAIL_USER_CMT_NOTIFY` VALUES ('CMT_DTL_202009290710340875_NOTF_ID_1', '113486759599812914431', '111659080796612880862', '202009290710340875', '20200929071209');
INSERT INTO `TASK_GROUP_DETAIL_USER_CMT_NOTIFY` VALUES ('CMT_DTL_202009290708490410_NOTF_ID_7', '113486759599812914431', '107464133259941824802', '202009290708490410', '20200929070931');
INSERT INTO `TASK_GROUP_DETAIL_USER_CMT_NOTIFY` VALUES ('CMT_DTL_202009290708490410_NOTF_ID_6', '113486759599812914431', '113137136527929851498', '202009290708490410', '20200929070931');
INSERT INTO `TASK_GROUP_DETAIL_USER_CMT_NOTIFY` VALUES ('CMT_DTL_202009290708490410_NOTF_ID_5', '113486759599812914431', '115884274735888505742', '202009290708490410', '20200929070931');
INSERT INTO `TASK_GROUP_DETAIL_USER_CMT_NOTIFY` VALUES ('CMT_DTL_202009290708490410_NOTF_ID_4', '113486759599812914431', '113486759599812914431', '202009290708490410', '20200929070931');
INSERT INTO `TASK_GROUP_DETAIL_USER_CMT_NOTIFY` VALUES ('CMT_DTL_202009290708490410_NOTF_ID_3', '113486759599812914431', '100324242456731592569', '202009290708490410', '20200929070931');
INSERT INTO `TASK_GROUP_DETAIL_USER_CMT_NOTIFY` VALUES ('CMT_DTL_202009290708490410_NOTF_ID_2', '113486759599812914431', '106514682865442059423', '202009290708490410', '20200929070931');
INSERT INTO `TASK_GROUP_DETAIL_USER_CMT_NOTIFY` VALUES ('CMT_DTL_202009290708490410_NOTF_ID_1', '113486759599812914431', '111659080796612880862', '202009290708490410', '20200929070931');
INSERT INTO `TASK_GROUP_DETAIL_USER_CMT_NOTIFY` VALUES ('202009290706040425_7', '100324242456731592569', '107464133259941824802', '202009290706040425', '20200929070604');
INSERT INTO `TASK_GROUP_DETAIL_USER_CMT_NOTIFY` VALUES ('202009290706040425_6', '100324242456731592569', '113137136527929851498', '202009290706040425', '20200929070604');
INSERT INTO `TASK_GROUP_DETAIL_USER_CMT_NOTIFY` VALUES ('202009290706040425_5', '100324242456731592569', '115884274735888505742', '202009290706040425', '20200929070604');
INSERT INTO `TASK_GROUP_DETAIL_USER_CMT_NOTIFY` VALUES ('202009290706040425_4', '100324242456731592569', '113486759599812914431', '202009290706040425', '20200929070604');
INSERT INTO `TASK_GROUP_DETAIL_USER_CMT_NOTIFY` VALUES ('202009290706040425_3', '100324242456731592569', '100324242456731592569', '202009290706040425', '20200929070604');
INSERT INTO `TASK_GROUP_DETAIL_USER_CMT_NOTIFY` VALUES ('202009290706040425_2', '100324242456731592569', '106514682865442059423', '202009290706040425', '20200929070604');
INSERT INTO `TASK_GROUP_DETAIL_USER_CMT_NOTIFY` VALUES ('202009290706040425_1', '100324242456731592569', '111659080796612880862', '202009290706040425', '20200929070604');
INSERT INTO `TASK_GROUP_DETAIL_USER_CMT_NOTIFY` VALUES ('202009290704140032_7', '100324242456731592569', '107464133259941824802', '202009290704140032', '20200929070414');
INSERT INTO `TASK_GROUP_DETAIL_USER_CMT_NOTIFY` VALUES ('202009290704140032_6', '100324242456731592569', '113137136527929851498', '202009290704140032', '20200929070414');
INSERT INTO `TASK_GROUP_DETAIL_USER_CMT_NOTIFY` VALUES ('202009290704140032_5', '100324242456731592569', '115884274735888505742', '202009290704140032', '20200929070414');
INSERT INTO `TASK_GROUP_DETAIL_USER_CMT_NOTIFY` VALUES ('202009290704140032_4', '100324242456731592569', '113486759599812914431', '202009290704140032', '20200929070414');
INSERT INTO `TASK_GROUP_DETAIL_USER_CMT_NOTIFY` VALUES ('202009290704140032_3', '100324242456731592569', '100324242456731592569', '202009290704140032', '20200929070414');
INSERT INTO `TASK_GROUP_DETAIL_USER_CMT_NOTIFY` VALUES ('202009290704140032_2', '100324242456731592569', '106514682865442059423', '202009290704140032', '20200929070414');
INSERT INTO `TASK_GROUP_DETAIL_USER_CMT_NOTIFY` VALUES ('202009290704140032_1', '100324242456731592569', '111659080796612880862', '202009290704140032', '20200929070414');
INSERT INTO `TASK_GROUP_DETAIL_USER_CMT_NOTIFY` VALUES ('202009281946390840_7', '113486759599812914431', '107464133259941824802', '202009281946390840', '20200928194639');
INSERT INTO `TASK_GROUP_DETAIL_USER_CMT_NOTIFY` VALUES ('202009281946390840_6', '113486759599812914431', '113137136527929851498', '202009281946390840', '20200928194639');
INSERT INTO `TASK_GROUP_DETAIL_USER_CMT_NOTIFY` VALUES ('202009281946390840_5', '113486759599812914431', '115884274735888505742', '202009281946390840', '20200928194639');
INSERT INTO `TASK_GROUP_DETAIL_USER_CMT_NOTIFY` VALUES ('202009281946390840_4', '113486759599812914431', '113486759599812914431', '202009281946390840', '20200928194639');
INSERT INTO `TASK_GROUP_DETAIL_USER_CMT_NOTIFY` VALUES ('202009281946390840_3', '113486759599812914431', '100324242456731592569', '202009281946390840', '20200928194639');
INSERT INTO `TASK_GROUP_DETAIL_USER_CMT_NOTIFY` VALUES ('CMT_DTL_202009281822390563_NOTF_ID_6', '106514682865442059423', '107464133259941824802', '202009281822390563', '20200928182242');
INSERT INTO `TASK_GROUP_DETAIL_USER_CMT_NOTIFY` VALUES ('CMT_DTL_202009281822390563_NOTF_ID_5', '106514682865442059423', '113137136527929851498', '202009281822390563', '20200928182242');
INSERT INTO `TASK_GROUP_DETAIL_USER_CMT_NOTIFY` VALUES ('CMT_DTL_202009281822390563_NOTF_ID_4', '106514682865442059423', '115884274735888505742', '202009281822390563', '20200928182242');
INSERT INTO `TASK_GROUP_DETAIL_USER_CMT_NOTIFY` VALUES ('CMT_DTL_202009281822390563_NOTF_ID_3', '106514682865442059423', '113486759599812914431', '202009281822390563', '20200928182242');
INSERT INTO `TASK_GROUP_DETAIL_USER_CMT_NOTIFY` VALUES ('CMT_DTL_202009281822390563_NOTF_ID_2', '106514682865442059423', '100324242456731592569', '202009281822390563', '20200928182242');
INSERT INTO `TASK_GROUP_DETAIL_USER_CMT_NOTIFY` VALUES ('CMT_DTL_202009281822390563_NOTF_ID_1', '106514682865442059423', '106514682865442059423', '202009281822390563', '20200928182242');
INSERT INTO `TASK_GROUP_DETAIL_USER_CMT_NOTIFY` VALUES ('CMT_DTL_202009281816200874_NOTF_ID_6', '106514682865442059423', '107464133259941824802', '202009281816200874', '20200928181628');
INSERT INTO `TASK_GROUP_DETAIL_USER_CMT_NOTIFY` VALUES ('CMT_DTL_202009281816200874_NOTF_ID_5', '106514682865442059423', '113137136527929851498', '202009281816200874', '20200928181628');
INSERT INTO `TASK_GROUP_DETAIL_USER_CMT_NOTIFY` VALUES ('CMT_DTL_202009281816200874_NOTF_ID_4', '106514682865442059423', '115884274735888505742', '202009281816200874', '20200928181628');
INSERT INTO `TASK_GROUP_DETAIL_USER_CMT_NOTIFY` VALUES ('CMT_DTL_202009281816200874_NOTF_ID_3', '106514682865442059423', '113486759599812914431', '202009281816200874', '20200928181628');
INSERT INTO `TASK_GROUP_DETAIL_USER_CMT_NOTIFY` VALUES ('CMT_DTL_202009281816200874_NOTF_ID_2', '106514682865442059423', '100324242456731592569', '202009281816200874', '20200928181628');
INSERT INTO `TASK_GROUP_DETAIL_USER_CMT_NOTIFY` VALUES ('CMT_DTL_202009281816200874_NOTF_ID_1', '106514682865442059423', '106514682865442059423', '202009281816200874', '20200928181628');
INSERT INTO `TASK_GROUP_DETAIL_USER_CMT_NOTIFY` VALUES ('CMT_DTL_202009281816120490_NOTF_ID_6', '106514682865442059423', '107464133259941824802', '202009281816120490', '20200928181612');
INSERT INTO `TASK_GROUP_DETAIL_USER_CMT_NOTIFY` VALUES ('CMT_DTL_202009281816120490_NOTF_ID_5', '106514682865442059423', '113137136527929851498', '202009281816120490', '20200928181612');
INSERT INTO `TASK_GROUP_DETAIL_USER_CMT_NOTIFY` VALUES ('CMT_DTL_202009281816120490_NOTF_ID_4', '106514682865442059423', '115884274735888505742', '202009281816120490', '20200928181612');
INSERT INTO `TASK_GROUP_DETAIL_USER_CMT_NOTIFY` VALUES ('CMT_DTL_202009281816120490_NOTF_ID_3', '106514682865442059423', '113486759599812914431', '202009281816120490', '20200928181612');
INSERT INTO `TASK_GROUP_DETAIL_USER_CMT_NOTIFY` VALUES ('CMT_DTL_202009281816120490_NOTF_ID_2', '106514682865442059423', '100324242456731592569', '202009281816120490', '20200928181612');
INSERT INTO `TASK_GROUP_DETAIL_USER_CMT_NOTIFY` VALUES ('CMT_DTL_202009281816120490_NOTF_ID_1', '106514682865442059423', '106514682865442059423', '202009281816120490', '20200928181612');
INSERT INTO `TASK_GROUP_DETAIL_USER_CMT_NOTIFY` VALUES ('CMT_DTL_202009281816090843_NOTF_ID_6', '106514682865442059423', '107464133259941824802', '202009281816090843', '20200928181609');
INSERT INTO `TASK_GROUP_DETAIL_USER_CMT_NOTIFY` VALUES ('CMT_DTL_202009281816090843_NOTF_ID_5', '106514682865442059423', '113137136527929851498', '202009281816090843', '20200928181609');
INSERT INTO `TASK_GROUP_DETAIL_USER_CMT_NOTIFY` VALUES ('CMT_DTL_202009281816090843_NOTF_ID_4', '106514682865442059423', '115884274735888505742', '202009281816090843', '20200928181609');
INSERT INTO `TASK_GROUP_DETAIL_USER_CMT_NOTIFY` VALUES ('CMT_DTL_202009281816090843_NOTF_ID_3', '106514682865442059423', '113486759599812914431', '202009281816090843', '20200928181609');
INSERT INTO `TASK_GROUP_DETAIL_USER_CMT_NOTIFY` VALUES ('CMT_DTL_202009281816090843_NOTF_ID_2', '106514682865442059423', '100324242456731592569', '202009281816090843', '20200928181609');
INSERT INTO `TASK_GROUP_DETAIL_USER_CMT_NOTIFY` VALUES ('CMT_DTL_202009281816090843_NOTF_ID_1', '106514682865442059423', '106514682865442059423', '202009281816090843', '20200928181609');
INSERT INTO `TASK_GROUP_DETAIL_USER_CMT_NOTIFY` VALUES ('CMT_DTL_202009281812260774_NOTF_ID_6', '106514682865442059423', '107464133259941824802', '202009281812260774', '20200928181230');
INSERT INTO `TASK_GROUP_DETAIL_USER_CMT_NOTIFY` VALUES ('CMT_DTL_202009281812260774_NOTF_ID_5', '106514682865442059423', '113137136527929851498', '202009281812260774', '20200928181230');
INSERT INTO `TASK_GROUP_DETAIL_USER_CMT_NOTIFY` VALUES ('CMT_DTL_202009281812260774_NOTF_ID_4', '106514682865442059423', '115884274735888505742', '202009281812260774', '20200928181230');
INSERT INTO `TASK_GROUP_DETAIL_USER_CMT_NOTIFY` VALUES ('CMT_DTL_202009281812260774_NOTF_ID_3', '106514682865442059423', '113486759599812914431', '202009281812260774', '20200928181230');
INSERT INTO `TASK_GROUP_DETAIL_USER_CMT_NOTIFY` VALUES ('CMT_DTL_202009281812260774_NOTF_ID_2', '106514682865442059423', '100324242456731592569', '202009281812260774', '20200928181230');
INSERT INTO `TASK_GROUP_DETAIL_USER_CMT_NOTIFY` VALUES ('CMT_DTL_202009281812260774_NOTF_ID_1', '106514682865442059423', '106514682865442059423', '202009281812260774', '20200928181230');
INSERT INTO `TASK_GROUP_DETAIL_USER_CMT_NOTIFY` VALUES ('CMT_DTL_202009281812210246_NOTF_ID_6', '106514682865442059423', '107464133259941824802', '202009281812210246', '20200928181221');
INSERT INTO `TASK_GROUP_DETAIL_USER_CMT_NOTIFY` VALUES ('CMT_DTL_202009281812210246_NOTF_ID_5', '106514682865442059423', '113137136527929851498', '202009281812210246', '20200928181221');
INSERT INTO `TASK_GROUP_DETAIL_USER_CMT_NOTIFY` VALUES ('CMT_DTL_202009281812210246_NOTF_ID_4', '106514682865442059423', '115884274735888505742', '202009281812210246', '20200928181221');
INSERT INTO `TASK_GROUP_DETAIL_USER_CMT_NOTIFY` VALUES ('CMT_DTL_202009281812210246_NOTF_ID_3', '106514682865442059423', '113486759599812914431', '202009281812210246', '20200928181221');
INSERT INTO `TASK_GROUP_DETAIL_USER_CMT_NOTIFY` VALUES ('CMT_DTL_202009281812210246_NOTF_ID_2', '106514682865442059423', '100324242456731592569', '202009281812210246', '20200928181221');
INSERT INTO `TASK_GROUP_DETAIL_USER_CMT_NOTIFY` VALUES ('CMT_DTL_202009281812210246_NOTF_ID_1', '106514682865442059423', '106514682865442059423', '202009281812210246', '20200928181221');
INSERT INTO `TASK_GROUP_DETAIL_USER_CMT_NOTIFY` VALUES ('CMT_DTL_202009281812180798_NOTF_ID_6', '106514682865442059423', '107464133259941824802', '202009281812180798', '20200928181218');
INSERT INTO `TASK_GROUP_DETAIL_USER_CMT_NOTIFY` VALUES ('CMT_DTL_202009281812180798_NOTF_ID_5', '106514682865442059423', '113137136527929851498', '202009281812180798', '20200928181218');
INSERT INTO `TASK_GROUP_DETAIL_USER_CMT_NOTIFY` VALUES ('CMT_DTL_202009281812180798_NOTF_ID_4', '106514682865442059423', '115884274735888505742', '202009281812180798', '20200928181218');
INSERT INTO `TASK_GROUP_DETAIL_USER_CMT_NOTIFY` VALUES ('202009281946390840_1', '113486759599812914431', '111659080796612880862', '202009281946390840', '20200928194639');
INSERT INTO `TASK_GROUP_DETAIL_USER_CMT_NOTIFY` VALUES ('CMT_DTL_202009281812180798_NOTF_ID_2', '106514682865442059423', '100324242456731592569', '202009281812180798', '20200928181218');
INSERT INTO `TASK_GROUP_DETAIL_USER_CMT_NOTIFY` VALUES ('CMT_DTL_202009281812180798_NOTF_ID_1', '106514682865442059423', '106514682865442059423', '202009281812180798', '20200928181218');
INSERT INTO `TASK_GROUP_DETAIL_USER_CMT_NOTIFY` VALUES ('CMT_DTL_202009281812150510_NOTF_ID_6', '106514682865442059423', '107464133259941824802', '202009281812150510', '20200928181215');
INSERT INTO `TASK_GROUP_DETAIL_USER_CMT_NOTIFY` VALUES ('CMT_DTL_202009281812150510_NOTF_ID_5', '106514682865442059423', '113137136527929851498', '202009281812150510', '20200928181215');
INSERT INTO `TASK_GROUP_DETAIL_USER_CMT_NOTIFY` VALUES ('CMT_DTL_202009281812150510_NOTF_ID_4', '106514682865442059423', '115884274735888505742', '202009281812150510', '20200928181215');
INSERT INTO `TASK_GROUP_DETAIL_USER_CMT_NOTIFY` VALUES ('202009281946390840_2', '113486759599812914431', '106514682865442059423', '202009281946390840', '20200928194639');
INSERT INTO `TASK_GROUP_DETAIL_USER_CMT_NOTIFY` VALUES ('CMT_DTL_202009281812150510_NOTF_ID_2', '106514682865442059423', '100324242456731592569', '202009281812150510', '20200928181215');
INSERT INTO `TASK_GROUP_DETAIL_USER_CMT_NOTIFY` VALUES ('CMT_DTL_202009281812150510_NOTF_ID_1', '106514682865442059423', '106514682865442059423', '202009281812150510', '20200928181215');
INSERT INTO `TASK_GROUP_DETAIL_USER_CMT_NOTIFY` VALUES ('CMT_DTL_202009281810540528_NOTF_ID_6', '106514682865442059423', '107464133259941824802', '202009281810540528', '20200928181101');
INSERT INTO `TASK_GROUP_DETAIL_USER_CMT_NOTIFY` VALUES ('CMT_DTL_202009281810540528_NOTF_ID_5', '106514682865442059423', '113137136527929851498', '202009281810540528', '20200928181101');
INSERT INTO `TASK_GROUP_DETAIL_USER_CMT_NOTIFY` VALUES ('CMT_DTL_202009281810540528_NOTF_ID_4', '106514682865442059423', '115884274735888505742', '202009281810540528', '20200928181101');
INSERT INTO `TASK_GROUP_DETAIL_USER_CMT_NOTIFY` VALUES ('CMT_DTL_202009281810540528_NOTF_ID_3', '106514682865442059423', '113486759599812914431', '202009281810540528', '20200928181101');
INSERT INTO `TASK_GROUP_DETAIL_USER_CMT_NOTIFY` VALUES ('CMT_DTL_202009281810540528_NOTF_ID_2', '106514682865442059423', '100324242456731592569', '202009281810540528', '20200928181101');
INSERT INTO `TASK_GROUP_DETAIL_USER_CMT_NOTIFY` VALUES ('CMT_DTL_202009281734120205_NOTF_ID_5', '100324242456731592569', '107464133259941824802', '202009281734120205', '20200928173413');
INSERT INTO `TASK_GROUP_DETAIL_USER_CMT_NOTIFY` VALUES ('CMT_DTL_202009281734120205_NOTF_ID_4', '100324242456731592569', '113137136527929851498', '202009281734120205', '20200928173413');
INSERT INTO `TASK_GROUP_DETAIL_USER_CMT_NOTIFY` VALUES ('CMT_DTL_202009281734120205_NOTF_ID_3', '100324242456731592569', '115884274735888505742', '202009281734120205', '20200928173413');
INSERT INTO `TASK_GROUP_DETAIL_USER_CMT_NOTIFY` VALUES ('CMT_DTL_202009281810540528_NOTF_ID_1', '106514682865442059423', '106514682865442059423', '202009281810540528', '20200928181101');
INSERT INTO `TASK_GROUP_DETAIL_USER_CMT_NOTIFY` VALUES ('CMT_DTL_202009281734120205_NOTF_ID_2', '100324242456731592569', '113486759599812914431', '202009281734120205', '20200928173413');
INSERT INTO `TASK_GROUP_DETAIL_USER_CMT_NOTIFY` VALUES ('CMT_DTL_202009281734050149_NOTF_ID_5', '100324242456731592569', '107464133259941824802', '202009281734050149', '20200928173405');
INSERT INTO `TASK_GROUP_DETAIL_USER_CMT_NOTIFY` VALUES ('CMT_DTL_202009281734050149_NOTF_ID_4', '100324242456731592569', '113137136527929851498', '202009281734050149', '20200928173405');
INSERT INTO `TASK_GROUP_DETAIL_USER_CMT_NOTIFY` VALUES ('CMT_DTL_202009281734050149_NOTF_ID_3', '100324242456731592569', '115884274735888505742', '202009281734050149', '20200928173405');
INSERT INTO `TASK_GROUP_DETAIL_USER_CMT_NOTIFY` VALUES ('CMT_DTL_202009281734050149_NOTF_ID_2', '100324242456731592569', '113486759599812914431', '202009281734050149', '20200928173405');
INSERT INTO `TASK_GROUP_DETAIL_USER_CMT_NOTIFY` VALUES ('CMT_DTL_202009281734050149_NOTF_ID_1', '100324242456731592569', '100324242456731592569', '202009281734050149', '20200928173405');
INSERT INTO `TASK_GROUP_DETAIL_USER_CMT_NOTIFY` VALUES ('CMT_DTL_202009291206470514_NOTF_ID_2', '113486759599812914431', '106514682865442059423', '202009291206470514', '20200929120647');
INSERT INTO `TASK_GROUP_DETAIL_USER_CMT_NOTIFY` VALUES ('CMT_DTL_202009291206470514_NOTF_ID_3', '113486759599812914431', '113137136527929851498', '202009291206470514', '20200929120647');
INSERT INTO `TASK_GROUP_DETAIL_USER_CMT_NOTIFY` VALUES ('CMT_DTL_202009291206470514_NOTF_ID_4', '113486759599812914431', '115884274735888505742', '202009291206470514', '20200929120647');
INSERT INTO `TASK_GROUP_DETAIL_USER_CMT_NOTIFY` VALUES ('CMT_DTL_202009291206470514_NOTF_ID_5', '113486759599812914431', '107464133259941824802', '202009291206470514', '20200929120647');
INSERT INTO `TASK_GROUP_DETAIL_USER_CMT_NOTIFY` VALUES ('CMT_DTL_202009291206470514_NOTF_ID_6', '113486759599812914431', '100324242456731592569', '202009291206470514', '20200929120647');
INSERT INTO `TASK_GROUP_DETAIL_USER_CMT_NOTIFY` VALUES ('CMT_DTL_202009291206470514_NOTF_ID_7', '113486759599812914431', '111659080796612880862', '202009291206470514', '20200929120647');
INSERT INTO `TASK_GROUP_DETAIL_USER_CMT_NOTIFY` VALUES ('CMT_DTL_202009291207160700_NOTF_ID_1', '113486759599812914431', '113486759599812914431', '202009291207160700', '20200929120728');
INSERT INTO `TASK_GROUP_DETAIL_USER_CMT_NOTIFY` VALUES ('CMT_DTL_202009291207160700_NOTF_ID_2', '113486759599812914431', '106514682865442059423', '202009291207160700', '20200929120728');
INSERT INTO `TASK_GROUP_DETAIL_USER_CMT_NOTIFY` VALUES ('CMT_DTL_202009291207160700_NOTF_ID_3', '113486759599812914431', '113137136527929851498', '202009291207160700', '20200929120728');
INSERT INTO `TASK_GROUP_DETAIL_USER_CMT_NOTIFY` VALUES ('CMT_DTL_202009291207160700_NOTF_ID_4', '113486759599812914431', '115884274735888505742', '202009291207160700', '20200929120728');
INSERT INTO `TASK_GROUP_DETAIL_USER_CMT_NOTIFY` VALUES ('CMT_DTL_202009291207160700_NOTF_ID_5', '113486759599812914431', '107464133259941824802', '202009291207160700', '20200929120728');
INSERT INTO `TASK_GROUP_DETAIL_USER_CMT_NOTIFY` VALUES ('CMT_DTL_202009291207160700_NOTF_ID_6', '113486759599812914431', '100324242456731592569', '202009291207160700', '20200929120728');
INSERT INTO `TASK_GROUP_DETAIL_USER_CMT_NOTIFY` VALUES ('CMT_DTL_202009291207160700_NOTF_ID_7', '113486759599812914431', '111659080796612880862', '202009291207160700', '20200929120728');
INSERT INTO `TASK_GROUP_DETAIL_USER_CMT_NOTIFY` VALUES ('CMT_DTL_202009291207160775_NOTF_ID_1', '113486759599812914431', '113486759599812914431', '202009291207160775', '20200929120754');
INSERT INTO `TASK_GROUP_DETAIL_USER_CMT_NOTIFY` VALUES ('CMT_DTL_202009291207160775_NOTF_ID_2', '113486759599812914431', '106514682865442059423', '202009291207160775', '20200929120754');
INSERT INTO `TASK_GROUP_DETAIL_USER_CMT_NOTIFY` VALUES ('CMT_DTL_202009291207160775_NOTF_ID_3', '113486759599812914431', '113137136527929851498', '202009291207160775', '20200929120754');
INSERT INTO `TASK_GROUP_DETAIL_USER_CMT_NOTIFY` VALUES ('CMT_DTL_202009291207160775_NOTF_ID_4', '113486759599812914431', '115884274735888505742', '202009291207160775', '20200929120754');
INSERT INTO `TASK_GROUP_DETAIL_USER_CMT_NOTIFY` VALUES ('CMT_DTL_202009291207160775_NOTF_ID_5', '113486759599812914431', '107464133259941824802', '202009291207160775', '20200929120754');
INSERT INTO `TASK_GROUP_DETAIL_USER_CMT_NOTIFY` VALUES ('CMT_DTL_202009291207160775_NOTF_ID_6', '113486759599812914431', '100324242456731592569', '202009291207160775', '20200929120754');
INSERT INTO `TASK_GROUP_DETAIL_USER_CMT_NOTIFY` VALUES ('CMT_DTL_202009291207160775_NOTF_ID_7', '113486759599812914431', '111659080796612880862', '202009291207160775', '20200929120754');
INSERT INTO `TASK_GROUP_DETAIL_USER_CMT_NOTIFY` VALUES ('CMT_DTL_202009291741400723_NOTF_ID_1', '113486759599812914431', '113486759599812914431', '202009291741400723', '20200929174140');
INSERT INTO `TASK_GROUP_DETAIL_USER_CMT_NOTIFY` VALUES ('CMT_DTL_202009291741400723_NOTF_ID_2', '113486759599812914431', '106514682865442059423', '202009291741400723', '20200929174140');
INSERT INTO `TASK_GROUP_DETAIL_USER_CMT_NOTIFY` VALUES ('CMT_DTL_202009291741400723_NOTF_ID_3', '113486759599812914431', '113137136527929851498', '202009291741400723', '20200929174140');
INSERT INTO `TASK_GROUP_DETAIL_USER_CMT_NOTIFY` VALUES ('CMT_DTL_202009291741400723_NOTF_ID_4', '113486759599812914431', '115884274735888505742', '202009291741400723', '20200929174140');
INSERT INTO `TASK_GROUP_DETAIL_USER_CMT_NOTIFY` VALUES ('CMT_DTL_202009291741400723_NOTF_ID_5', '113486759599812914431', '107464133259941824802', '202009291741400723', '20200929174140');
INSERT INTO `TASK_GROUP_DETAIL_USER_CMT_NOTIFY` VALUES ('CMT_DTL_202009291741400723_NOTF_ID_6', '113486759599812914431', '100324242456731592569', '202009291741400723', '20200929174140');
INSERT INTO `TASK_GROUP_DETAIL_USER_CMT_NOTIFY` VALUES ('CMT_DTL_202009291741400723_NOTF_ID_7', '113486759599812914431', '111659080796612880862', '202009291741400723', '20200929174140');
INSERT INTO `TASK_GROUP_DETAIL_USER_CMT_NOTIFY` VALUES ('CMT_DTL_202009291741440124_NOTF_ID_1', '113486759599812914431', '113486759599812914431', '202009291741440124', '20200929174144');
INSERT INTO `TASK_GROUP_DETAIL_USER_CMT_NOTIFY` VALUES ('CMT_DTL_202009291741440124_NOTF_ID_2', '113486759599812914431', '106514682865442059423', '202009291741440124', '20200929174144');
INSERT INTO `TASK_GROUP_DETAIL_USER_CMT_NOTIFY` VALUES ('CMT_DTL_202009291741440124_NOTF_ID_3', '113486759599812914431', '113137136527929851498', '202009291741440124', '20200929174144');
INSERT INTO `TASK_GROUP_DETAIL_USER_CMT_NOTIFY` VALUES ('CMT_DTL_202009291741440124_NOTF_ID_4', '113486759599812914431', '115884274735888505742', '202009291741440124', '20200929174144');
INSERT INTO `TASK_GROUP_DETAIL_USER_CMT_NOTIFY` VALUES ('CMT_DTL_202009291741440124_NOTF_ID_5', '113486759599812914431', '107464133259941824802', '202009291741440124', '20200929174144');
INSERT INTO `TASK_GROUP_DETAIL_USER_CMT_NOTIFY` VALUES ('CMT_DTL_202009291741440124_NOTF_ID_6', '113486759599812914431', '100324242456731592569', '202009291741440124', '20200929174144');
INSERT INTO `TASK_GROUP_DETAIL_USER_CMT_NOTIFY` VALUES ('CMT_DTL_202009291741440124_NOTF_ID_7', '113486759599812914431', '111659080796612880862', '202009291741440124', '20200929174144');
INSERT INTO `TASK_GROUP_DETAIL_USER_CMT_NOTIFY` VALUES ('CMT_DTL_202009291741510395_NOTF_ID_1', '113486759599812914431', '113486759599812914431', '202009291741510395', '20200929174200');
INSERT INTO `TASK_GROUP_DETAIL_USER_CMT_NOTIFY` VALUES ('CMT_DTL_202009291741510395_NOTF_ID_2', '113486759599812914431', '106514682865442059423', '202009291741510395', '20200929174200');
INSERT INTO `TASK_GROUP_DETAIL_USER_CMT_NOTIFY` VALUES ('CMT_DTL_202009291741510395_NOTF_ID_3', '113486759599812914431', '113137136527929851498', '202009291741510395', '20200929174200');
INSERT INTO `TASK_GROUP_DETAIL_USER_CMT_NOTIFY` VALUES ('CMT_DTL_202009291741510395_NOTF_ID_4', '113486759599812914431', '115884274735888505742', '202009291741510395', '20200929174200');
INSERT INTO `TASK_GROUP_DETAIL_USER_CMT_NOTIFY` VALUES ('CMT_DTL_202009291741510395_NOTF_ID_5', '113486759599812914431', '107464133259941824802', '202009291741510395', '20200929174200');
INSERT INTO `TASK_GROUP_DETAIL_USER_CMT_NOTIFY` VALUES ('CMT_DTL_202009291741510395_NOTF_ID_6', '113486759599812914431', '100324242456731592569', '202009291741510395', '20200929174200');
INSERT INTO `TASK_GROUP_DETAIL_USER_CMT_NOTIFY` VALUES ('CMT_DTL_202009291741510395_NOTF_ID_7', '113486759599812914431', '111659080796612880862', '202009291741510395', '20200929174200');
INSERT INTO `TASK_GROUP_DETAIL_USER_CMT_NOTIFY` VALUES ('CMT_DTL_202009291954220367_NOTF_ID_2', '117977997905031416912', '113486759599812914431', '202009291954220367', '20200929195457');
INSERT INTO `TASK_GROUP_DETAIL_USER_CMT_NOTIFY` VALUES ('CMT_DTL_202009291802300711_NOTF_ID_2', '113486759599812914431', '107464133259941824802', '202009291802300711', '20200929180230');
INSERT INTO `TASK_GROUP_DETAIL_USER_CMT_NOTIFY` VALUES ('CMT_DTL_202009291802300711_NOTF_ID_3', '113486759599812914431', '100324242456731592569', '202009291802300711', '20200929180230');
INSERT INTO `TASK_GROUP_DETAIL_USER_CMT_NOTIFY` VALUES ('CMT_DTL_202009291802300711_NOTF_ID_4', '113486759599812914431', '113608011513675196929', '202009291802300711', '20200929180230');
INSERT INTO `TASK_GROUP_DETAIL_USER_CMT_NOTIFY` VALUES ('CMT_DTL_202009291802300711_NOTF_ID_5', '113486759599812914431', '111659080796612880862', '202009291802300711', '20200929180230');
INSERT INTO `TASK_GROUP_DETAIL_USER_CMT_NOTIFY` VALUES ('CMT_DTL_202009291954220367_NOTF_ID_1', '117977997905031416912', '117977997905031416912', '202009291954220367', '20200929195457');
INSERT INTO `TASK_GROUP_DETAIL_USER_CMT_NOTIFY` VALUES ('CMT_DTL_202009291802540987_NOTF_ID_2', '113486759599812914431', '107464133259941824802', '202009291802540987', '20200929180306');
INSERT INTO `TASK_GROUP_DETAIL_USER_CMT_NOTIFY` VALUES ('CMT_DTL_202009291802540987_NOTF_ID_3', '113486759599812914431', '100324242456731592569', '202009291802540987', '20200929180306');
INSERT INTO `TASK_GROUP_DETAIL_USER_CMT_NOTIFY` VALUES ('CMT_DTL_202009291802540987_NOTF_ID_4', '113486759599812914431', '113608011513675196929', '202009291802540987', '20200929180306');
INSERT INTO `TASK_GROUP_DETAIL_USER_CMT_NOTIFY` VALUES ('CMT_DTL_202009291802540987_NOTF_ID_5', '113486759599812914431', '111659080796612880862', '202009291802540987', '20200929180306');
INSERT INTO `TASK_GROUP_DETAIL_USER_CMT_NOTIFY` VALUES ('CMT_DTL_202009291954220367_NOTF_ID_3', '117977997905031416912', '100324242456731592569', '202009291954220367', '20200929195457');
INSERT INTO `TASK_GROUP_DETAIL_USER_CMT_NOTIFY` VALUES ('CMT_DTL_202009291954220367_NOTF_ID_4', '117977997905031416912', '113608011513675196929', '202009291954220367', '20200929195457');
INSERT INTO `TASK_GROUP_DETAIL_USER_CMT_NOTIFY` VALUES ('CMT_DTL_202009291954220367_NOTF_ID_5', '117977997905031416912', '111659080796612880862', '202009291954220367', '20200929195457');
INSERT INTO `TASK_GROUP_DETAIL_USER_CMT_NOTIFY` VALUES ('CMT_DTL_202009292119040401_NOTF_ID_1', '100324242456731592569', '113486759599812914431', '202009292119040401', '20200929211926');
INSERT INTO `TASK_GROUP_DETAIL_USER_CMT_NOTIFY` VALUES ('CMT_DTL_202009292119040401_NOTF_ID_2', '100324242456731592569', '106514682865442059423', '202009292119040401', '20200929211926');
INSERT INTO `TASK_GROUP_DETAIL_USER_CMT_NOTIFY` VALUES ('CMT_DTL_202009292119040401_NOTF_ID_3', '100324242456731592569', '113137136527929851498', '202009292119040401', '20200929211926');
INSERT INTO `TASK_GROUP_DETAIL_USER_CMT_NOTIFY` VALUES ('CMT_DTL_202009292119040401_NOTF_ID_4', '100324242456731592569', '115884274735888505742', '202009292119040401', '20200929211926');
INSERT INTO `TASK_GROUP_DETAIL_USER_CMT_NOTIFY` VALUES ('CMT_DTL_202009292119040401_NOTF_ID_5', '100324242456731592569', '107464133259941824802', '202009292119040401', '20200929211926');
INSERT INTO `TASK_GROUP_DETAIL_USER_CMT_NOTIFY` VALUES ('CMT_DTL_202009292119040401_NOTF_ID_6', '100324242456731592569', '100324242456731592569', '202009292119040401', '20200929211926');
INSERT INTO `TASK_GROUP_DETAIL_USER_CMT_NOTIFY` VALUES ('CMT_DTL_202009292119040401_NOTF_ID_7', '100324242456731592569', '111659080796612880862', '202009292119040401', '20200929211926');
INSERT INTO `TASK_GROUP_DETAIL_USER_CMT_NOTIFY` VALUES ('CMT_DTL_202009300221460740_NOTF_ID_1', '113486759599812914431', '113486759599812914431', '202009300221460740', '20200930022204');
INSERT INTO `TASK_GROUP_DETAIL_USER_CMT_NOTIFY` VALUES ('CMT_DTL_202009300221460740_NOTF_ID_2', '113486759599812914431', '106514682865442059423', '202009300221460740', '20200930022204');
INSERT INTO `TASK_GROUP_DETAIL_USER_CMT_NOTIFY` VALUES ('CMT_DTL_202009300221460740_NOTF_ID_3', '113486759599812914431', '113137136527929851498', '202009300221460740', '20200930022204');
INSERT INTO `TASK_GROUP_DETAIL_USER_CMT_NOTIFY` VALUES ('CMT_DTL_202009300221460740_NOTF_ID_4', '113486759599812914431', '115884274735888505742', '202009300221460740', '20200930022204');
INSERT INTO `TASK_GROUP_DETAIL_USER_CMT_NOTIFY` VALUES ('CMT_DTL_202009300221460740_NOTF_ID_5', '113486759599812914431', '107464133259941824802', '202009300221460740', '20200930022204');
INSERT INTO `TASK_GROUP_DETAIL_USER_CMT_NOTIFY` VALUES ('CMT_DTL_202009300221460740_NOTF_ID_6', '113486759599812914431', '100324242456731592569', '202009300221460740', '20200930022204');
INSERT INTO `TASK_GROUP_DETAIL_USER_CMT_NOTIFY` VALUES ('CMT_DTL_202009300221460740_NOTF_ID_7', '113486759599812914431', '111659080796612880862', '202009300221460740', '20200930022204');
INSERT INTO `TASK_GROUP_DETAIL_USER_CMT_NOTIFY` VALUES ('CMT_DTL_202009301508290354_NOTF_ID_1', '100324242456731592569', '202005282258410044', '202009301508290354', '20200930150829');
INSERT INTO `TASK_GROUP_DETAIL_USER_CMT_NOTIFY` VALUES ('CMT_DTL_202009301508290354_NOTF_ID_2', '100324242456731592569', '202005282250200023', '202009301508290354', '20200930150829');
INSERT INTO `TASK_GROUP_DETAIL_USER_CMT_NOTIFY` VALUES ('CMT_DTL_202009301508290354_NOTF_ID_3', '100324242456731592569', '202005282214300675', '202009301508290354', '20200930150829');
INSERT INTO `TASK_GROUP_DETAIL_USER_CMT_NOTIFY` VALUES ('CMT_DTL_202009301508290354_NOTF_ID_4', '100324242456731592569', '202005291556060531', '202009301508290354', '20200930150829');
INSERT INTO `TASK_GROUP_DETAIL_USER_CMT_NOTIFY` VALUES ('CMT_DTL_202009301508290354_NOTF_ID_5', '100324242456731592569', '202005291632570405', '202009301508290354', '20200930150829');
INSERT INTO `TASK_GROUP_DETAIL_USER_CMT_NOTIFY` VALUES ('CMT_DTL_202009301508290354_NOTF_ID_6', '100324242456731592569', '202005291630240473', '202009301508290354', '20200930150829');
INSERT INTO `TASK_GROUP_DETAIL_USER_CMT_NOTIFY` VALUES ('CMT_DTL_202009301508290354_NOTF_ID_7', '100324242456731592569', '202005291643120507', '202009301508290354', '20200930150829');
INSERT INTO `TASK_GROUP_DETAIL_USER_CMT_NOTIFY` VALUES ('CMT_DTL_202009301508290354_NOTF_ID_8', '100324242456731592569', '202006021408060884', '202009301508290354', '20200930150829');
INSERT INTO `TASK_GROUP_DETAIL_USER_CMT_NOTIFY` VALUES ('CMT_DTL_202009301508290354_NOTF_ID_9', '100324242456731592569', '202007181517230520', '202009301508290354', '20200930150829');
INSERT INTO `TASK_GROUP_DETAIL_USER_CMT_NOTIFY` VALUES ('CMT_DTL_202009301508290354_NOTF_ID_10', '100324242456731592569', '202008010643030661', '202009301508290354', '20200930150829');
INSERT INTO `TASK_GROUP_DETAIL_USER_CMT_NOTIFY` VALUES ('CMT_DTL_202009301508290354_NOTF_ID_11', '100324242456731592569', '202008010646150064', '202009301508290354', '20200930150829');
INSERT INTO `TASK_GROUP_DETAIL_USER_CMT_NOTIFY` VALUES ('CMT_DTL_202009301508290354_NOTF_ID_12', '100324242456731592569', '117977997905031416912', '202009301508290354', '20200930150829');
INSERT INTO `TASK_GROUP_DETAIL_USER_CMT_NOTIFY` VALUES ('CMT_DTL_202009301508290354_NOTF_ID_13', '100324242456731592569', '113486759599812914431', '202009301508290354', '20200930150829');
INSERT INTO `TASK_GROUP_DETAIL_USER_CMT_NOTIFY` VALUES ('CMT_DTL_202009301508290354_NOTF_ID_14', '100324242456731592569', '100506614869167645076', '202009301508290354', '20200930150829');
INSERT INTO `TASK_GROUP_DETAIL_USER_CMT_NOTIFY` VALUES ('CMT_DTL_202009301508290354_NOTF_ID_15', '100324242456731592569', '106514682865442059423', '202009301508290354', '20200930150829');
INSERT INTO `TASK_GROUP_DETAIL_USER_CMT_NOTIFY` VALUES ('CMT_DTL_202009301508290354_NOTF_ID_16', '100324242456731592569', '113559615388672250089', '202009301508290354', '20200930150829');
INSERT INTO `TASK_GROUP_DETAIL_USER_CMT_NOTIFY` VALUES ('CMT_DTL_202009301508290354_NOTF_ID_17', '100324242456731592569', '113137136527929851498', '202009301508290354', '20200930150829');
INSERT INTO `TASK_GROUP_DETAIL_USER_CMT_NOTIFY` VALUES ('CMT_DTL_202009301508290354_NOTF_ID_18', '100324242456731592569', '115884274735888505742', '202009301508290354', '20200930150829');
INSERT INTO `TASK_GROUP_DETAIL_USER_CMT_NOTIFY` VALUES ('CMT_DTL_202009301508290354_NOTF_ID_19', '100324242456731592569', '107464133259941824802', '202009301508290354', '20200930150829');
INSERT INTO `TASK_GROUP_DETAIL_USER_CMT_NOTIFY` VALUES ('CMT_DTL_202009301508290354_NOTF_ID_20', '100324242456731592569', '100324242456731592569', '202009301508290354', '20200930150829');
INSERT INTO `TASK_GROUP_DETAIL_USER_CMT_NOTIFY` VALUES ('CMT_DTL_202009301508290354_NOTF_ID_21', '100324242456731592569', '113608011513675196929', '202009301508290354', '20200930150829');
INSERT INTO `TASK_GROUP_DETAIL_USER_CMT_NOTIFY` VALUES ('CMT_DTL_202009301508290354_NOTF_ID_22', '100324242456731592569', '111659080796612880862', '202009301508290354', '20200930150829');
INSERT INTO `TASK_GROUP_DETAIL_USER_CMT_NOTIFY` VALUES ('CMT_DTL_202009301523380150_NOTF_ID_1', '113486759599812914431', '202005282258410044', '202009301523380150', '20200930152338');
INSERT INTO `TASK_GROUP_DETAIL_USER_CMT_NOTIFY` VALUES ('CMT_DTL_202009301523380150_NOTF_ID_2', '113486759599812914431', '202005282250200023', '202009301523380150', '20200930152338');
INSERT INTO `TASK_GROUP_DETAIL_USER_CMT_NOTIFY` VALUES ('CMT_DTL_202009301523380150_NOTF_ID_3', '113486759599812914431', '113486759599812914431', '202009301523380150', '20200930152338');
INSERT INTO `TASK_GROUP_DETAIL_USER_CMT_NOTIFY` VALUES ('CMT_DTL_202009301523380150_NOTF_ID_4', '113486759599812914431', '111659080796612880862', '202009301523380150', '20200930152338');
INSERT INTO `TASK_GROUP_DETAIL_USER_CMT_NOTIFY` VALUES ('CMT_DTL_202009301523380150_NOTF_ID_5', '113486759599812914431', '117056945648337059975', '202009301523380150', '20200930152338');
INSERT INTO `TASK_GROUP_DETAIL_USER_CMT_NOTIFY` VALUES ('CMT_DTL_202009301523480837_NOTF_ID_1', '113486759599812914431', '202005282258410044', '202009301523480837', '20200930152355');
INSERT INTO `TASK_GROUP_DETAIL_USER_CMT_NOTIFY` VALUES ('CMT_DTL_202009301523480837_NOTF_ID_2', '113486759599812914431', '202005282250200023', '202009301523480837', '20200930152355');
INSERT INTO `TASK_GROUP_DETAIL_USER_CMT_NOTIFY` VALUES ('CMT_DTL_202009301523480837_NOTF_ID_3', '113486759599812914431', '113486759599812914431', '202009301523480837', '20200930152355');
INSERT INTO `TASK_GROUP_DETAIL_USER_CMT_NOTIFY` VALUES ('CMT_DTL_202009301523480837_NOTF_ID_4', '113486759599812914431', '111659080796612880862', '202009301523480837', '20200930152355');
INSERT INTO `TASK_GROUP_DETAIL_USER_CMT_NOTIFY` VALUES ('CMT_DTL_202009301523480837_NOTF_ID_5', '113486759599812914431', '117056945648337059975', '202009301523480837', '20200930152355');
INSERT INTO `TASK_GROUP_DETAIL_USER_CMT_NOTIFY` VALUES ('CMT_DTL_202009302201240978_NOTF_ID_1', '113486759599812914431', '113486759599812914431', '202009302201240978', '20200930220124');
INSERT INTO `TASK_GROUP_DETAIL_USER_CMT_NOTIFY` VALUES ('CMT_DTL_202009302201240978_NOTF_ID_2', '113486759599812914431', '106514682865442059423', '202009302201240978', '20200930220124');
INSERT INTO `TASK_GROUP_DETAIL_USER_CMT_NOTIFY` VALUES ('CMT_DTL_202009302201240978_NOTF_ID_3', '113486759599812914431', '113137136527929851498', '202009302201240978', '20200930220124');
INSERT INTO `TASK_GROUP_DETAIL_USER_CMT_NOTIFY` VALUES ('CMT_DTL_202009302201240978_NOTF_ID_4', '113486759599812914431', '115884274735888505742', '202009302201240978', '20200930220124');
INSERT INTO `TASK_GROUP_DETAIL_USER_CMT_NOTIFY` VALUES ('CMT_DTL_202009302201240978_NOTF_ID_5', '113486759599812914431', '107464133259941824802', '202009302201240978', '20200930220124');
INSERT INTO `TASK_GROUP_DETAIL_USER_CMT_NOTIFY` VALUES ('CMT_DTL_202009302201240978_NOTF_ID_6', '113486759599812914431', '100324242456731592569', '202009302201240978', '20200930220124');
INSERT INTO `TASK_GROUP_DETAIL_USER_CMT_NOTIFY` VALUES ('CMT_DTL_202009302201240978_NOTF_ID_7', '113486759599812914431', '111659080796612880862', '202009302201240978', '20200930220124');
INSERT INTO `TASK_GROUP_DETAIL_USER_CMT_NOTIFY` VALUES ('CMT_DTL_202009302201300008_NOTF_ID_1', '113486759599812914431', '113486759599812914431', '202009302201300008', '20200930220130');
INSERT INTO `TASK_GROUP_DETAIL_USER_CMT_NOTIFY` VALUES ('CMT_DTL_202009302201300008_NOTF_ID_2', '113486759599812914431', '106514682865442059423', '202009302201300008', '20200930220130');
INSERT INTO `TASK_GROUP_DETAIL_USER_CMT_NOTIFY` VALUES ('CMT_DTL_202009302201300008_NOTF_ID_3', '113486759599812914431', '113137136527929851498', '202009302201300008', '20200930220130');
INSERT INTO `TASK_GROUP_DETAIL_USER_CMT_NOTIFY` VALUES ('CMT_DTL_202009302201300008_NOTF_ID_4', '113486759599812914431', '115884274735888505742', '202009302201300008', '20200930220130');
INSERT INTO `TASK_GROUP_DETAIL_USER_CMT_NOTIFY` VALUES ('CMT_DTL_202009302201300008_NOTF_ID_5', '113486759599812914431', '107464133259941824802', '202009302201300008', '20200930220130');
INSERT INTO `TASK_GROUP_DETAIL_USER_CMT_NOTIFY` VALUES ('CMT_DTL_202009302201300008_NOTF_ID_6', '113486759599812914431', '100324242456731592569', '202009302201300008', '20200930220130');
INSERT INTO `TASK_GROUP_DETAIL_USER_CMT_NOTIFY` VALUES ('CMT_DTL_202009302201300008_NOTF_ID_7', '113486759599812914431', '111659080796612880862', '202009302201300008', '20200930220130');
INSERT INTO `TASK_GROUP_DETAIL_USER_CMT_NOTIFY` VALUES ('CMT_DTL_202009302201320834_NOTF_ID_1', '113486759599812914431', '113486759599812914431', '202009302201320834', '20200930220132');
INSERT INTO `TASK_GROUP_DETAIL_USER_CMT_NOTIFY` VALUES ('CMT_DTL_202009302201320834_NOTF_ID_2', '113486759599812914431', '106514682865442059423', '202009302201320834', '20200930220132');
INSERT INTO `TASK_GROUP_DETAIL_USER_CMT_NOTIFY` VALUES ('CMT_DTL_202009302201320834_NOTF_ID_3', '113486759599812914431', '113137136527929851498', '202009302201320834', '20200930220132');
INSERT INTO `TASK_GROUP_DETAIL_USER_CMT_NOTIFY` VALUES ('CMT_DTL_202009302201320834_NOTF_ID_4', '113486759599812914431', '115884274735888505742', '202009302201320834', '20200930220132');
INSERT INTO `TASK_GROUP_DETAIL_USER_CMT_NOTIFY` VALUES ('CMT_DTL_202009302201320834_NOTF_ID_5', '113486759599812914431', '107464133259941824802', '202009302201320834', '20200930220132');
INSERT INTO `TASK_GROUP_DETAIL_USER_CMT_NOTIFY` VALUES ('CMT_DTL_202009302201320834_NOTF_ID_6', '113486759599812914431', '100324242456731592569', '202009302201320834', '20200930220132');
INSERT INTO `TASK_GROUP_DETAIL_USER_CMT_NOTIFY` VALUES ('CMT_DTL_202009302201320834_NOTF_ID_7', '113486759599812914431', '111659080796612880862', '202009302201320834', '20200930220132');
INSERT INTO `TASK_GROUP_DETAIL_USER_CMT_NOTIFY` VALUES ('CMT_DTL_202009302203500713_NOTF_ID_1', '113486759599812914431', '113486759599812914431', '202009302203500713', '20200930220353');
INSERT INTO `TASK_GROUP_DETAIL_USER_CMT_NOTIFY` VALUES ('CMT_DTL_202009302203500713_NOTF_ID_2', '113486759599812914431', '106514682865442059423', '202009302203500713', '20200930220353');
INSERT INTO `TASK_GROUP_DETAIL_USER_CMT_NOTIFY` VALUES ('CMT_DTL_202009302203500713_NOTF_ID_3', '113486759599812914431', '113137136527929851498', '202009302203500713', '20200930220353');
INSERT INTO `TASK_GROUP_DETAIL_USER_CMT_NOTIFY` VALUES ('CMT_DTL_202009302203500713_NOTF_ID_4', '113486759599812914431', '115884274735888505742', '202009302203500713', '20200930220353');
INSERT INTO `TASK_GROUP_DETAIL_USER_CMT_NOTIFY` VALUES ('CMT_DTL_202009302203500713_NOTF_ID_5', '113486759599812914431', '107464133259941824802', '202009302203500713', '20200930220353');
INSERT INTO `TASK_GROUP_DETAIL_USER_CMT_NOTIFY` VALUES ('CMT_DTL_202009302203500713_NOTF_ID_6', '113486759599812914431', '100324242456731592569', '202009302203500713', '20200930220353');
INSERT INTO `TASK_GROUP_DETAIL_USER_CMT_NOTIFY` VALUES ('CMT_DTL_202009302203500713_NOTF_ID_7', '113486759599812914431', '111659080796612880862', '202009302203500713', '20200930220353');
INSERT INTO `TASK_GROUP_DETAIL_USER_CMT_NOTIFY` VALUES ('CMT_DTL_202010011150330819_NOTF_ID_1', '113486759599812914431', '202005282214300675', '202010011150330819', '20201001115033');
INSERT INTO `TASK_GROUP_DETAIL_USER_CMT_NOTIFY` VALUES ('CMT_DTL_202010011150330819_NOTF_ID_2', '113486759599812914431', '202005291556060531', '202010011150330819', '20201001115033');
INSERT INTO `TASK_GROUP_DETAIL_USER_CMT_NOTIFY` VALUES ('CMT_DTL_202010011151530931_NOTF_ID_1', '113486759599812914431', '202005282214300675', '202010011151530931', '20201001115153');
INSERT INTO `TASK_GROUP_DETAIL_USER_CMT_NOTIFY` VALUES ('CMT_DTL_202010011150330819_NOTF_ID_4', '113486759599812914431', '111659080796612880862', '202010011150330819', '20201001115033');
INSERT INTO `TASK_GROUP_DETAIL_USER_CMT_NOTIFY` VALUES ('CMT_DTL_202010011150330819_NOTF_ID_5', '113486759599812914431', '117056945648337059975', '202010011150330819', '20201001115033');
INSERT INTO `TASK_GROUP_DETAIL_USER_CMT_NOTIFY` VALUES ('CMT_DTL_202010011150380018_NOTF_ID_1', '113486759599812914431', '202005282214300675', '202010011150380018', '20201001115038');
INSERT INTO `TASK_GROUP_DETAIL_USER_CMT_NOTIFY` VALUES ('CMT_DTL_202010011150380018_NOTF_ID_2', '113486759599812914431', '202005291556060531', '202010011150380018', '20201001115038');
INSERT INTO `TASK_GROUP_DETAIL_USER_CMT_NOTIFY` VALUES ('CMT_DTL_202010011151530931_NOTF_ID_3', '113486759599812914431', '113486759599812914431', '202010011151530931', '20201001115153');
INSERT INTO `TASK_GROUP_DETAIL_USER_CMT_NOTIFY` VALUES ('CMT_DTL_202010011150380018_NOTF_ID_4', '113486759599812914431', '111659080796612880862', '202010011150380018', '20201001115038');
INSERT INTO `TASK_GROUP_DETAIL_USER_CMT_NOTIFY` VALUES ('CMT_DTL_202010011150380018_NOTF_ID_5', '113486759599812914431', '117056945648337059975', '202010011150380018', '20201001115038');
INSERT INTO `TASK_GROUP_DETAIL_USER_CMT_NOTIFY` VALUES ('CMT_DTL_202010011150470105_NOTF_ID_1', '113486759599812914431', '202005282214300675', '202010011150470105', '20201001115051');
INSERT INTO `TASK_GROUP_DETAIL_USER_CMT_NOTIFY` VALUES ('CMT_DTL_202010011150470105_NOTF_ID_2', '113486759599812914431', '202005291556060531', '202010011150470105', '20201001115051');
INSERT INTO `TASK_GROUP_DETAIL_USER_CMT_NOTIFY` VALUES ('CMT_DTL_202010011151530931_NOTF_ID_2', '113486759599812914431', '202005291556060531', '202010011151530931', '20201001115153');
INSERT INTO `TASK_GROUP_DETAIL_USER_CMT_NOTIFY` VALUES ('CMT_DTL_202010011150470105_NOTF_ID_4', '113486759599812914431', '111659080796612880862', '202010011150470105', '20201001115051');
INSERT INTO `TASK_GROUP_DETAIL_USER_CMT_NOTIFY` VALUES ('CMT_DTL_202010011150470105_NOTF_ID_5', '113486759599812914431', '117056945648337059975', '202010011150470105', '20201001115051');
INSERT INTO `TASK_GROUP_DETAIL_USER_CMT_NOTIFY` VALUES ('CMT_DTL_202010011151530931_NOTF_ID_4', '113486759599812914431', '111659080796612880862', '202010011151530931', '20201001115153');
INSERT INTO `TASK_GROUP_DETAIL_USER_CMT_NOTIFY` VALUES ('CMT_DTL_202010011151530931_NOTF_ID_5', '113486759599812914431', '117056945648337059975', '202010011151530931', '20201001115153');
INSERT INTO `TASK_GROUP_DETAIL_USER_CMT_NOTIFY` VALUES ('CMT_DTL_202010011331180678_NOTF_ID_1', '113486759599812914431', '113486759599812914431', '202010011331180678', '20201001133118');
INSERT INTO `TASK_GROUP_DETAIL_USER_CMT_NOTIFY` VALUES ('CMT_DTL_202010011331180678_NOTF_ID_2', '113486759599812914431', '111659080796612880862', '202010011331180678', '20201001133118');
INSERT INTO `TASK_GROUP_DETAIL_USER_CMT_NOTIFY` VALUES ('CMT_DTL_202010011331180678_NOTF_ID_3', '113486759599812914431', '117056945648337059975', '202010011331180678', '20201001133118');
INSERT INTO `TASK_GROUP_DETAIL_USER_CMT_NOTIFY` VALUES ('CMT_DTL_202010011331330026_NOTF_ID_1', '113486759599812914431', '113486759599812914431', '202010011331330026', '20201001133143');
INSERT INTO `TASK_GROUP_DETAIL_USER_CMT_NOTIFY` VALUES ('CMT_DTL_202010011331330026_NOTF_ID_2', '113486759599812914431', '111659080796612880862', '202010011331330026', '20201001133143');
INSERT INTO `TASK_GROUP_DETAIL_USER_CMT_NOTIFY` VALUES ('CMT_DTL_202010011331330026_NOTF_ID_3', '113486759599812914431', '117056945648337059975', '202010011331330026', '20201001133143');
INSERT INTO `TASK_GROUP_DETAIL_USER_CMT_NOTIFY` VALUES ('CMT_DTL_202010021045440890_NOTF_ID_1', '113486759599812914431', '113486759599812914431', '202010021045440890', '20201002104550');
INSERT INTO `TASK_GROUP_DETAIL_USER_CMT_NOTIFY` VALUES ('CMT_DTL_202010011640080837_NOTF_ID_2', '113486759599812914431', '111659080796612880862', '202010011640080837', '20201001164008');
INSERT INTO `TASK_GROUP_DETAIL_USER_CMT_NOTIFY` VALUES ('CMT_DTL_202010172221060967_NOTF_ID_2', '113486759599812914431', '106514682865442059423', '202010172221060967', '20201017222106');
INSERT INTO `TASK_GROUP_DETAIL_USER_CMT_NOTIFY` VALUES ('CMT_DTL_202010172221060967_NOTF_ID_1', '113486759599812914431', '113486759599812914431', '202010172221060967', '20201017222106');
INSERT INTO `TASK_GROUP_DETAIL_USER_CMT_NOTIFY` VALUES ('CMT_DTL_202010171658210563_NOTF_ID_2', '113486759599812914431', '117056945648337059975', '202010171658210563', '20201017165824');
INSERT INTO `TASK_GROUP_DETAIL_USER_CMT_NOTIFY` VALUES ('CMT_DTL_202010171658210563_NOTF_ID_1', '113486759599812914431', '113486759599812914431', '202010171658210563', '20201017165824');
INSERT INTO `TASK_GROUP_DETAIL_USER_CMT_NOTIFY` VALUES ('CMT_DTL_202010042017520947_NOTF_ID_2', '113486759599812914431', '111659080796612880862', '202010042017520947', '20201004201752');
INSERT INTO `TASK_GROUP_DETAIL_USER_CMT_NOTIFY` VALUES ('CMT_DTL_202010240822230682_NOTF_ID_2', '113486759599812914431', '111659080796612880862', '202010240822230682', '20201024082223');
INSERT INTO `TASK_GROUP_DETAIL_USER_CMT_NOTIFY` VALUES ('CMT_DTL_202010042016580120_NOTF_ID_2', '113486759599812914431', '111659080796612880862', '202010042016580120', '20201004201658');
INSERT INTO `TASK_GROUP_DETAIL_USER_CMT_NOTIFY` VALUES ('CMT_DTL_202010021613020545_NOTF_ID_2', '113486759599812914431', '111659080796612880862', '202010021613020545', '20201002161302');
INSERT INTO `TASK_GROUP_DETAIL_USER_CMT_NOTIFY` VALUES ('CMT_DTL_202010021137350939_NOTF_ID_2', '113486759599812914431', '111659080796612880862', '202010021137350939', '20201002113740');
INSERT INTO `TASK_GROUP_DETAIL_USER_CMT_NOTIFY` VALUES ('CMT_DTL_202010172221060967_NOTF_ID_3', '113486759599812914431', '113559615388672250089', '202010172221060967', '20201017222106');
INSERT INTO `TASK_GROUP_DETAIL_USER_CMT_NOTIFY` VALUES ('CMT_DTL_202010172221200553_NOTF_ID_1', '113486759599812914431', '113486759599812914431', '202010172221200553', '20201017222129');
INSERT INTO `TASK_GROUP_DETAIL_USER_CMT_NOTIFY` VALUES ('CMT_DTL_202010172221200553_NOTF_ID_2', '113486759599812914431', '106514682865442059423', '202010172221200553', '20201017222129');
INSERT INTO `TASK_GROUP_DETAIL_USER_CMT_NOTIFY` VALUES ('CMT_DTL_202010172221200553_NOTF_ID_3', '113486759599812914431', '113559615388672250089', '202010172221200553', '20201017222129');
INSERT INTO `TASK_GROUP_DETAIL_USER_CMT_NOTIFY` VALUES ('CMT_DTL_202010240822230682_NOTF_ID_1', '113486759599812914431', '113486759599812914431', '202010240822230682', '20201024082223');
INSERT INTO `TASK_GROUP_DETAIL_USER_CMT_NOTIFY` VALUES ('CMT_DTL_202010201425020230_NOTF_ID_2', '113486759599812914431', '111659080796612880862', '202010201425020230', '20201020142502');

-- ----------------------------
-- Table structure for TASK_GROUP_DETAIL_USER_COMMENT
-- ----------------------------
DROP TABLE IF EXISTS `TASK_GROUP_DETAIL_USER_COMMENT`;
CREATE TABLE `TASK_GROUP_DETAIL_USER_COMMENT`  (
  `id` varchar(20) CHARACTER SET latin1 COLLATE latin1_swedish_ci NOT NULL,
  `creator_id` varchar(30) CHARACTER SET latin1 COLLATE latin1_swedish_ci NULL DEFAULT NULL,
  `task_grp_detail_id` varchar(20) CHARACTER SET latin1 COLLATE latin1_swedish_ci NULL DEFAULT NULL,
  `cmt_contain` text CHARACTER SET utf8 COLLATE utf8_unicode_ci NOT NULL,
  `cmt_type` varchar(10) CHARACTER SET latin1 COLLATE latin1_swedish_ci NULL DEFAULT NULL COMMENT '2 tpye : NOR(normal), MST_EMAIL(master)',
  `cmt_mst_id` varchar(20) CHARACTER SET latin1 COLLATE latin1_swedish_ci NULL DEFAULT NULL COMMENT 'neu type = MST_EMAIL thi` ko can` id nay`',
  `cmt_mst_header` varchar(300) CHARACTER SET utf8 COLLATE utf8_unicode_ci NULL DEFAULT NULL,
  `updatedate` varchar(8) CHARACTER SET latin1 COLLATE latin1_swedish_ci NULL DEFAULT NULL,
  `updatetime` varchar(6) CHARACTER SET latin1 COLLATE latin1_swedish_ci NULL DEFAULT NULL,
  `create_datetime` varchar(15) CHARACTER SET latin1 COLLATE latin1_swedish_ci NULL DEFAULT NULL,
  PRIMARY KEY (`id`) USING BTREE
) ENGINE = MyISAM CHARACTER SET = latin1 COLLATE = latin1_swedish_ci ROW_FORMAT = Dynamic;

-- ----------------------------
-- Records of TASK_GROUP_DETAIL_USER_COMMENT
-- ----------------------------
INSERT INTO `TASK_GROUP_DETAIL_USER_COMMENT` VALUES ('202010021137210921', '113486759599812914431', '202010011637410299', '<div class=\"richText-editor\" id=\"richText-m8w8p\" contenteditable=\"true\"><div>thông tin chi tiền mua host và tên miền</div></div>', 'MST_EMAIL', '', 'chi tiền', '20201002', '113721', '20201002113721');
INSERT INTO `TASK_GROUP_DETAIL_USER_COMMENT` VALUES ('202010021137350939', '113486759599812914431', '202010011637410299', 'A. tiền sửa xe ngày 30 thàng 9 năm 2020, 1tr560k , B. mua tên miền qmloffice.site 227.000VND, xem file chi tiết', 'DTL_EMAIL', '202010021137210921', '', '20201002', '113740', '20201002113740');
INSERT INTO `TASK_GROUP_DETAIL_USER_COMMENT` VALUES ('202010021613020545', '113486759599812914431', '202010011637410299', '111', 'DTL_EMAIL', '202010021137210921', '', '20201002', '161302', '20201002161302');
INSERT INTO `TASK_GROUP_DETAIL_USER_COMMENT` VALUES ('202010042016580120', '113486759599812914431', '202010011637410299', 'Tiền trái cây 150k. Lấy lúc 17h. Cô cúc chung cư Sư Vạn Hạnh', 'DTL_EMAIL', '202010021137210921', '', '20201004', '201658', '20201004201658');
INSERT INTO `TASK_GROUP_DETAIL_USER_COMMENT` VALUES ('202010042017520947', '113486759599812914431', '202010011637410299', 'V trả Như 100k tiền vé  buffet ăn khai trương ở 26 Đề Thám', 'DTL_EMAIL', '202010021137210921', '', '20201004', '201752', '20201004201752');
INSERT INTO `TASK_GROUP_DETAIL_USER_COMMENT` VALUES ('202010171656370855', '113486759599812914431', '202010011149410463', '<div class=\"richText-editor\" id=\"richText-566qqj\" contenteditable=\"true\"><div>jkhkhkh</div></div>', 'MST_EMAIL', '', 'hgygjygyutyu', '20201017', '165642', '20201017165642');
INSERT INTO `TASK_GROUP_DETAIL_USER_COMMENT` VALUES ('202010171657490957', '113486759599812914431', '202010011546230546', '<div class=\"richText-editor\" id=\"richText-njlrtt\" contenteditable=\"true\"><div>iouiouiouio</div></div>', 'MST_EMAIL', '', 'cv1', '20201017', '165749', '20201017165749');
INSERT INTO `TASK_GROUP_DETAIL_USER_COMMENT` VALUES ('202010171658210563', '113486759599812914431', '202010011546230546', 'hgfhgfhgfhgfhgfhgfh', 'DTL_EMAIL', '202010171657490957', '', '20201017', '165824', '20201017165824');
INSERT INTO `TASK_GROUP_DETAIL_USER_COMMENT` VALUES ('202010172220460641', '113486759599812914431', '202010011635150681', '<div class=\"richText-editor\" id=\"richText-j87hn\" contenteditable=\"true\"><div>Hdhdhrhjrr</div><div><br></div></div>', 'MST_EMAIL', '', 'mail1', '20201017', '222053', '20201017222053');
INSERT INTO `TASK_GROUP_DETAIL_USER_COMMENT` VALUES ('202010172221060967', '113486759599812914431', '202010011635150681', 'Ỷhjr', 'DTL_EMAIL', '202010172220460641', '', '20201017', '222106', '20201017222106');
INSERT INTO `TASK_GROUP_DETAIL_USER_COMMENT` VALUES ('202010172221200553', '113486759599812914431', '202010011635150681', 'Gdhdjr', 'DTL_EMAIL', '202010172220460641', '', '20201017', '222129', '20201017222129');
INSERT INTO `TASK_GROUP_DETAIL_USER_COMMENT` VALUES ('202010201425020230', '113486759599812914431', '202010011637410299', 'Vinh góp hỗ trợ hoc phí cho sinh viên DH luật 300k', 'DTL_EMAIL', '202010021137210921', '', '20201020', '142502', '20201020142502');
INSERT INTO `TASK_GROUP_DETAIL_USER_COMMENT` VALUES ('202010240822230682', '113486759599812914431', '202010011637410299', 'Đã thanh toán xong cho các phần đươi', 'DTL_EMAIL', '202010021137210921', '', '20201024', '082223', '20201024082223');
INSERT INTO `TASK_GROUP_DETAIL_USER_COMMENT` VALUES ('202009281734050149', '100324242456731592569', '202009281731500651', '678678678678', 'DTL_EMAIL', '202009281733380554', '', '20200928', '173405', '20200928173405');
INSERT INTO `TASK_GROUP_DETAIL_USER_COMMENT` VALUES ('202009281734120205', '100324242456731592569', '202009281731500651', '12345', 'DTL_EMAIL', '202009281733380554', '', '20200928', '173413', '20200928173413');
INSERT INTO `TASK_GROUP_DETAIL_USER_COMMENT` VALUES ('202009281810540528', '106514682865442059423', '202009281731500651', '111222333', 'DTL_EMAIL', '202009281733380554', '', '20200928', '181101', '20200928181101');
INSERT INTO `TASK_GROUP_DETAIL_USER_COMMENT` VALUES ('202009281811390883', '106514682865442059423', '202009281731500651', '<div class=\"richText-editor\" id=\"richText-zg7bjv\" contenteditable=\"true\"><div>2asdadadsadsasdasd</div><div><br></div><div><div style=\"color: rgb(212, 212, 212); background-color: rgb(30, 30, 30); font-family: Consolas, &quot;Courier New&quot;, monospace; font-size: 14px; line-height: 19px; white-space: pre;\"><span style=\"color: #6a9955;\">server</span></div></div><div style=\"color: rgb(212, 212, 212); background-color: rgb(30, 30, 30); font-family: Consolas, &quot;Courier New&quot;, monospace; font-size: 14px; line-height: 19px; white-space: pre;\"><span style=\"color: #6a9955;\"><br></span></div><div style=\"color: rgb(212, 212, 212); background-color: rgb(30, 30, 30); font-family: Consolas, &quot;Courier New&quot;, monospace; font-size: 14px; line-height: 19px; white-space: pre;\"><span style=\"color: #6a9955;\">asdasd</span></div><div style=\"color: rgb(212, 212, 212); background-color: rgb(30, 30, 30); font-family: Consolas, &quot;Courier New&quot;, monospace; font-size: 14px; line-height: 19px; white-space: pre;\"><span style=\"color: #6a9955;\"><br></span></div><div style=\"color: rgb(212, 212, 212); background-color: rgb(30, 30, 30); font-family: Consolas, &quot;Courier New&quot;, monospace; font-size: 14px; line-height: 19px; white-space: pre;\"><span style=\"color: #6a9955;\"><br></span></div><div style=\"color: rgb(212, 212, 212); background-color: rgb(30, 30, 30); font-family: Consolas, &quot;Courier New&quot;, monospace; font-size: 14px; line-height: 19px; white-space: pre;\"><span style=\"color: #6a9955;\">asdasd</span></div><div style=\"color: rgb(212, 212, 212); background-color: rgb(30, 30, 30); font-family: Consolas, &quot;Courier New&quot;, monospace; font-size: 14px; line-height: 19px; white-space: pre;\"><span style=\"color: #6a9955;\"><br></span></div></div>', 'MST_EMAIL', '', '2222222222222', '20200928', '181143', '20200928181143');
INSERT INTO `TASK_GROUP_DETAIL_USER_COMMENT` VALUES ('202009281812150510', '106514682865442059423', '202009281731500651', '123', 'DTL_EMAIL', '202009281811390883', '', '20200928', '181215', '20200928181215');
INSERT INTO `TASK_GROUP_DETAIL_USER_COMMENT` VALUES ('202009281812180798', '106514682865442059423', '202009281731500651', '234234234', 'DTL_EMAIL', '202009281811390883', '', '20200928', '181218', '20200928181218');
INSERT INTO `TASK_GROUP_DETAIL_USER_COMMENT` VALUES ('202009281812210246', '106514682865442059423', '202009281731500651', 'fsfswefef', 'DTL_EMAIL', '202009281811390883', '', '20200928', '181221', '20200928181221');
INSERT INTO `TASK_GROUP_DETAIL_USER_COMMENT` VALUES ('202009281812260774', '106514682865442059423', '202009281731500651', '1234', 'DTL_EMAIL', '202009281811390883', '', '20200928', '181230', '20200928181230');
INSERT INTO `TASK_GROUP_DETAIL_USER_COMMENT` VALUES ('202009281815360608', '106514682865442059423', '202009281731500651', '<div class=\"richText-editor\" id=\"richText-fgrcsu\" contenteditable=\"true\"><div>12222222222222</div><div><br></div><div><img src=\"data:image/png;base64,iVBORw0KGgoAAAANSUhEUgAAAC0AAAAoCAYAAABq13MpAAAFW0lEQVRYCdWYXUxcRRiGl4QQSHf3zJalu0tBUmBZoLaNCRWBKCqxiTdNizaFCxJ/atQrrQ2ESExILxtsNHLBDWkkkNYoaBq4gYSfwkoUAwhBKSCQoAQr4aaA/L/mm2XWOWfPnj2LJhSSk29mvvl5zrvvzJlgwRH8sxxBZlisDgesTOeh9if0CUAfMfAjCi2sIawg6too/xqi7yFFi8rPMpgetMgfEqzYY2poAhVA4aBF/hBjKLQRuJx74qBlOK3icu6QwPWVFqACStRFFO1StDkcyPJlgTkT/7WYlCfbJbndOJmaAuobtOEBysbQsqoCWBsdDg6Rnp6B9vv3cfnSRdiYooKyMQY7U/BGRQXqv/gcJ9yu/wQeGVpAkiKiLEVSjYCuvv4aNjc38eivR0hPS+VtQk3Kp6UkY+nPJWxsbKD4+aKQFxN9zcTooHXASUWn8zi+HxgIXmO+bW3FSY+LgxPwqbRU9PR0B/M//fgDXElOWB1M9YuYAaY+lmPMAfnRU1PVJjzIHLApDIrdjvffeRt7e3tBqNXHj/HZ7duovHEdN65/gG++/gpbW1vBPBXee/da4Ndg0YOHQNMLqCC1dQFNXlYYPElJmP1tRgVEFbLB3+vrWF9fx/b2dkh+4EEfXCecsB1AbV1oU+C0uRQ7rr31JtZWV0OgIjUsLS3h5ZeKD6R2WOhI4ORltyuJnxiyNSLBijyN+eTjaiQm0ukTnUUMoYXXtXaxMQfsioIzp3Px6y8TgiPq2N3VhZRkt+qkMbMZTUFrVScvE/QrJS+io6MDGRkZKCkpQWdnZ8iGk99kbW0NLS0tKCwsRF5eHkZGRuDLPMWho/ng8CNPKGoU1Woz2O12XLl0EQ0NDYiPj4fFYoHT6URNTQ12d3dlVl4mO1RWVsJqtQb7+v1+FOWfh53ZQXYzozI/8gjGCFabC8AHjrqrpaXo7+/nL0DQ9MTFxaGpqSkEurGxkedEv8zMTExNTaG4sICPjwqaoKIBp77CHq9euAA6k8kaAobiuXPnsLi4GASfnJyEy+VS9SkvLwfZ5WxuNrca7ZOAIJHvJSpPm4WnfuTpZ86ewfTDh5iZmYHP5wtCJSQkoL29PQhdXV2N2NjYYN7r9WJ6ehqDfj+eSvbwuYLAJuBV0ForGNWtCoMzMRHftbbyr+HAwABSUlI4WExMDJqbm3k7ebmiogLUJn6FiYkJnqv66EMcp48U+VmGlcvSx0x4PgTarNr0QjZFwQtFRfjj9wWu6tzcHOrq6lBbW6uyx/j4OEjt+vp6LC8v876jo6N4+nRueJUFuBlooa4ZeFKbrqFl+ze8oB/2C4ODgxgeHtY2Y2dnB1dKL8NO4xUDlQU4RQk+RGkBbToqDIwxfHrrlgpuaGgIOTk5KC4uxvz8vCp382YtGH0FzQIL+H1wQ2gzagdejiHb54O/v597dWFhAWVlZeju7kZbWxuqqqqwsrKC7e0t3GtpgcfjxjHGVEdtWE8LYEltQ2jTavOJGQry8zH28yj/MnZ1dXEb0G2Pzuje3l486OuDz5cFqwZYrGMKnOncp8UE2mhGdeqTkxU4zsi34o/u0rNzs8jeBxZw2jWoLnJGMSqlaSK9heQ28mlBwXMYGx/D3s4Ov4v09fYg2+vlCssw8ji5LPfRK0cFLU9sVKaF8p49j3t37+LLO3fgzcqKeEpo59ODFW2WwIagTaHeGNpJ5DoNluvhykkeN/+3gVjMKOrNEa6/Bvr/ByeYcItr282C60BHp7reQuHatJDh6trx2n4G0OZUpwm1ixjVtQB69XDjRd8I0ObAwy2i1y4WjhSNxpqAPly76MEfSeh/ABkzTNuibQrqAAAAAElFTkSuQmCC\" alt=\"\"><br></div><div><br></div><div><img src=\"data:image/png;base64,iVBORw0KGgoAAAANSUhEUgAAAC0AAAAoCAYAAABq13MpAAAFW0lEQVRYCdWYXUxcRRiGl4QQSHf3zJalu0tBUmBZoLaNCRWBKCqxiTdNizaFCxJ/atQrrQ2ESExILxtsNHLBDWkkkNYoaBq4gYSfwkoUAwhBKSCQoAQr4aaA/L/mm2XWOWfPnj2LJhSSk29mvvl5zrvvzJlgwRH8sxxBZlisDgesTOeh9if0CUAfMfAjCi2sIawg6too/xqi7yFFi8rPMpgetMgfEqzYY2poAhVA4aBF/hBjKLQRuJx74qBlOK3icu6QwPWVFqACStRFFO1StDkcyPJlgTkT/7WYlCfbJbndOJmaAuobtOEBysbQsqoCWBsdDg6Rnp6B9vv3cfnSRdiYooKyMQY7U/BGRQXqv/gcJ9yu/wQeGVpAkiKiLEVSjYCuvv4aNjc38eivR0hPS+VtQk3Kp6UkY+nPJWxsbKD4+aKQFxN9zcTooHXASUWn8zi+HxgIXmO+bW3FSY+LgxPwqbRU9PR0B/M//fgDXElOWB1M9YuYAaY+lmPMAfnRU1PVJjzIHLApDIrdjvffeRt7e3tBqNXHj/HZ7duovHEdN65/gG++/gpbW1vBPBXee/da4Ndg0YOHQNMLqCC1dQFNXlYYPElJmP1tRgVEFbLB3+vrWF9fx/b2dkh+4EEfXCecsB1AbV1oU+C0uRQ7rr31JtZWV0OgIjUsLS3h5ZeKD6R2WOhI4ORltyuJnxiyNSLBijyN+eTjaiQm0ukTnUUMoYXXtXaxMQfsioIzp3Px6y8TgiPq2N3VhZRkt+qkMbMZTUFrVScvE/QrJS+io6MDGRkZKCkpQWdnZ8iGk99kbW0NLS0tKCwsRF5eHkZGRuDLPMWho/ng8CNPKGoU1Woz2O12XLl0EQ0NDYiPj4fFYoHT6URNTQ12d3dlVl4mO1RWVsJqtQb7+v1+FOWfh53ZQXYzozI/8gjGCFabC8AHjrqrpaXo7+/nL0DQ9MTFxaGpqSkEurGxkedEv8zMTExNTaG4sICPjwqaoKIBp77CHq9euAA6k8kaAobiuXPnsLi4GASfnJyEy+VS9SkvLwfZ5WxuNrca7ZOAIJHvJSpPm4WnfuTpZ86ewfTDh5iZmYHP5wtCJSQkoL29PQhdXV2N2NjYYN7r9WJ6ehqDfj+eSvbwuYLAJuBV0ForGNWtCoMzMRHftbbyr+HAwABSUlI4WExMDJqbm3k7ebmiogLUJn6FiYkJnqv66EMcp48U+VmGlcvSx0x4PgTarNr0QjZFwQtFRfjj9wWu6tzcHOrq6lBbW6uyx/j4OEjt+vp6LC8v876jo6N4+nRueJUFuBlooa4ZeFKbrqFl+ze8oB/2C4ODgxgeHtY2Y2dnB1dKL8NO4xUDlQU4RQk+RGkBbToqDIwxfHrrlgpuaGgIOTk5KC4uxvz8vCp382YtGH0FzQIL+H1wQ2gzagdejiHb54O/v597dWFhAWVlZeju7kZbWxuqqqqwsrKC7e0t3GtpgcfjxjHGVEdtWE8LYEltQ2jTavOJGQry8zH28yj/MnZ1dXEb0G2Pzuje3l486OuDz5cFqwZYrGMKnOncp8UE2mhGdeqTkxU4zsi34o/u0rNzs8jeBxZw2jWoLnJGMSqlaSK9heQ28mlBwXMYGx/D3s4Ov4v09fYg2+vlCssw8ji5LPfRK0cFLU9sVKaF8p49j3t37+LLO3fgzcqKeEpo59ODFW2WwIagTaHeGNpJ5DoNluvhykkeN/+3gVjMKOrNEa6/Bvr/ByeYcItr282C60BHp7reQuHatJDh6trx2n4G0OZUpwm1ixjVtQB69XDjRd8I0ObAwy2i1y4WjhSNxpqAPly76MEfSeh/ABkzTNuibQrqAAAAAElFTkSuQmCC\" alt=\"\"><br></div><div><br></div><div><img src=\"data:image/png;base64,iVBORw0KGgoAAAANSUhEUgAAAC0AAAAoCAYAAABq13MpAAAFW0lEQVRYCdWYXUxcRRiGl4QQSHf3zJalu0tBUmBZoLaNCRWBKCqxiTdNizaFCxJ/atQrrQ2ESExILxtsNHLBDWkkkNYoaBq4gYSfwkoUAwhBKSCQoAQr4aaA/L/mm2XWOWfPnj2LJhSSk29mvvl5zrvvzJlgwRH8sxxBZlisDgesTOeh9if0CUAfMfAjCi2sIawg6too/xqi7yFFi8rPMpgetMgfEqzYY2poAhVA4aBF/hBjKLQRuJx74qBlOK3icu6QwPWVFqACStRFFO1StDkcyPJlgTkT/7WYlCfbJbndOJmaAuobtOEBysbQsqoCWBsdDg6Rnp6B9vv3cfnSRdiYooKyMQY7U/BGRQXqv/gcJ9yu/wQeGVpAkiKiLEVSjYCuvv4aNjc38eivR0hPS+VtQk3Kp6UkY+nPJWxsbKD4+aKQFxN9zcTooHXASUWn8zi+HxgIXmO+bW3FSY+LgxPwqbRU9PR0B/M//fgDXElOWB1M9YuYAaY+lmPMAfnRU1PVJjzIHLApDIrdjvffeRt7e3tBqNXHj/HZ7duovHEdN65/gG++/gpbW1vBPBXee/da4Ndg0YOHQNMLqCC1dQFNXlYYPElJmP1tRgVEFbLB3+vrWF9fx/b2dkh+4EEfXCecsB1AbV1oU+C0uRQ7rr31JtZWV0OgIjUsLS3h5ZeKD6R2WOhI4ORltyuJnxiyNSLBijyN+eTjaiQm0ukTnUUMoYXXtXaxMQfsioIzp3Px6y8TgiPq2N3VhZRkt+qkMbMZTUFrVScvE/QrJS+io6MDGRkZKCkpQWdnZ8iGk99kbW0NLS0tKCwsRF5eHkZGRuDLPMWho/ng8CNPKGoU1Woz2O12XLl0EQ0NDYiPj4fFYoHT6URNTQ12d3dlVl4mO1RWVsJqtQb7+v1+FOWfh53ZQXYzozI/8gjGCFabC8AHjrqrpaXo7+/nL0DQ9MTFxaGpqSkEurGxkedEv8zMTExNTaG4sICPjwqaoKIBp77CHq9euAA6k8kaAobiuXPnsLi4GASfnJyEy+VS9SkvLwfZ5WxuNrca7ZOAIJHvJSpPm4WnfuTpZ86ewfTDh5iZmYHP5wtCJSQkoL29PQhdXV2N2NjYYN7r9WJ6ehqDfj+eSvbwuYLAJuBV0ForGNWtCoMzMRHftbbyr+HAwABSUlI4WExMDJqbm3k7ebmiogLUJn6FiYkJnqv66EMcp48U+VmGlcvSx0x4PgTarNr0QjZFwQtFRfjj9wWu6tzcHOrq6lBbW6uyx/j4OEjt+vp6LC8v876jo6N4+nRueJUFuBlooa4ZeFKbrqFl+ze8oB/2C4ODgxgeHtY2Y2dnB1dKL8NO4xUDlQU4RQk+RGkBbToqDIwxfHrrlgpuaGgIOTk5KC4uxvz8vCp382YtGH0FzQIL+H1wQ2gzagdejiHb54O/v597dWFhAWVlZeju7kZbWxuqqqqwsrKC7e0t3GtpgcfjxjHGVEdtWE8LYEltQ2jTavOJGQry8zH28yj/MnZ1dXEb0G2Pzuje3l486OuDz5cFqwZYrGMKnOncp8UE2mhGdeqTkxU4zsi34o/u0rNzs8jeBxZw2jWoLnJGMSqlaSK9heQ28mlBwXMYGx/D3s4Ov4v09fYg2+vlCssw8ji5LPfRK0cFLU9sVKaF8p49j3t37+LLO3fgzcqKeEpo59ODFW2WwIagTaHeGNpJ5DoNluvhykkeN/+3gVjMKOrNEa6/Bvr/ByeYcItr282C60BHp7reQuHatJDh6trx2n4G0OZUpwm1ixjVtQB69XDjRd8I0ObAwy2i1y4WjhSNxpqAPly76MEfSeh/ABkzTNuibQrqAAAAAElFTkSuQmCC\" alt=\"\"><br></div><div><br></div><div><img src=\"data:image/png;base64,iVBORw0KGgoAAAANSUhEUgAAAC0AAAAoCAYAAABq13MpAAAFW0lEQVRYCdWYXUxcRRiGl4QQSHf3zJalu0tBUmBZoLaNCRWBKCqxiTdNizaFCxJ/atQrrQ2ESExILxtsNHLBDWkkkNYoaBq4gYSfwkoUAwhBKSCQoAQr4aaA/L/mm2XWOWfPnj2LJhSSk29mvvl5zrvvzJlgwRH8sxxBZlisDgesTOeh9if0CUAfMfAjCi2sIawg6too/xqi7yFFi8rPMpgetMgfEqzYY2poAhVA4aBF/hBjKLQRuJx74qBlOK3icu6QwPWVFqACStRFFO1StDkcyPJlgTkT/7WYlCfbJbndOJmaAuobtOEBysbQsqoCWBsdDg6Rnp6B9vv3cfnSRdiYooKyMQY7U/BGRQXqv/gcJ9yu/wQeGVpAkiKiLEVSjYCuvv4aNjc38eivR0hPS+VtQk3Kp6UkY+nPJWxsbKD4+aKQFxN9zcTooHXASUWn8zi+HxgIXmO+bW3FSY+LgxPwqbRU9PR0B/M//fgDXElOWB1M9YuYAaY+lmPMAfnRU1PVJjzIHLApDIrdjvffeRt7e3tBqNXHj/HZ7duovHEdN65/gG++/gpbW1vBPBXee/da4Ndg0YOHQNMLqCC1dQFNXlYYPElJmP1tRgVEFbLB3+vrWF9fx/b2dkh+4EEfXCecsB1AbV1oU+C0uRQ7rr31JtZWV0OgIjUsLS3h5ZeKD6R2WOhI4ORltyuJnxiyNSLBijyN+eTjaiQm0ukTnUUMoYXXtXaxMQfsioIzp3Px6y8TgiPq2N3VhZRkt+qkMbMZTUFrVScvE/QrJS+io6MDGRkZKCkpQWdnZ8iGk99kbW0NLS0tKCwsRF5eHkZGRuDLPMWho/ng8CNPKGoU1Woz2O12XLl0EQ0NDYiPj4fFYoHT6URNTQ12d3dlVl4mO1RWVsJqtQb7+v1+FOWfh53ZQXYzozI/8gjGCFabC8AHjrqrpaXo7+/nL0DQ9MTFxaGpqSkEurGxkedEv8zMTExNTaG4sICPjwqaoKIBp77CHq9euAA6k8kaAobiuXPnsLi4GASfnJyEy+VS9SkvLwfZ5WxuNrca7ZOAIJHvJSpPm4WnfuTpZ86ewfTDh5iZmYHP5wtCJSQkoL29PQhdXV2N2NjYYN7r9WJ6ehqDfj+eSvbwuYLAJuBV0ForGNWtCoMzMRHftbbyr+HAwABSUlI4WExMDJqbm3k7ebmiogLUJn6FiYkJnqv66EMcp48U+VmGlcvSx0x4PgTarNr0QjZFwQtFRfjj9wWu6tzcHOrq6lBbW6uyx/j4OEjt+vp6LC8v876jo6N4+nRueJUFuBlooa4ZeFKbrqFl+ze8oB/2C4ODgxgeHtY2Y2dnB1dKL8NO4xUDlQU4RQk+RGkBbToqDIwxfHrrlgpuaGgIOTk5KC4uxvz8vCp382YtGH0FzQIL+H1wQ2gzagdejiHb54O/v597dWFhAWVlZeju7kZbWxuqqqqwsrKC7e0t3GtpgcfjxjHGVEdtWE8LYEltQ2jTavOJGQry8zH28yj/MnZ1dXEb0G2Pzuje3l486OuDz5cFqwZYrGMKnOncp8UE2mhGdeqTkxU4zsi34o/u0rNzs8jeBxZw2jWoLnJGMSqlaSK9heQ28mlBwXMYGx/D3s4Ov4v09fYg2+vlCssw8ji5LPfRK0cFLU9sVKaF8p49j3t37+LLO3fgzcqKeEpo59ODFW2WwIagTaHeGNpJ5DoNluvhykkeN/+3gVjMKOrNEa6/Bvr/ByeYcItr282C60BHp7reQuHatJDh6trx2n4G0OZUpwm1ixjVtQB69XDjRd8I0ObAwy2i1y4WjhSNxpqAPly76MEfSeh/ABkzTNuibQrqAAAAAElFTkSuQmCC\" alt=\"\"><br></div><div>adsasdads</div><div><br></div><div><br></div></div>', 'MST_EMAIL', '', '111111111111', '20200928', '181541', '20200928181541');
INSERT INTO `TASK_GROUP_DETAIL_USER_COMMENT` VALUES ('202009281816090843', '106514682865442059423', '202009281731500651', '345354343535345', 'DTL_EMAIL', '202009281815360608', '', '20200928', '181609', '20200928181609');
INSERT INTO `TASK_GROUP_DETAIL_USER_COMMENT` VALUES ('202009281816120490', '106514682865442059423', '202009281731500651', '35435354354', 'DTL_EMAIL', '202009281815360608', '', '20200928', '181612', '20200928181612');
INSERT INTO `TASK_GROUP_DETAIL_USER_COMMENT` VALUES ('202009281816200874', '106514682865442059423', '202009281731500651', '3453534534535', 'DTL_EMAIL', '202009281815360608', '', '20200928', '181628', '20200928181628');
INSERT INTO `TASK_GROUP_DETAIL_USER_COMMENT` VALUES ('202009281822390563', '106514682865442059423', '202009281731500651', '[[]]', 'DTL_EMAIL', '202009281811390883', '', '20200928', '182242', '20200928182242');
INSERT INTO `TASK_GROUP_DETAIL_USER_COMMENT` VALUES ('202009281946390840', '113486759599812914431', '202009281731500651', 'Hfhfhdjsjdjfhhf', 'DTL_EMAIL', '202009281815360608', '', '20200928', '194639', '20200928194639');
INSERT INTO `TASK_GROUP_DETAIL_USER_COMMENT` VALUES ('202009290704140032', '100324242456731592569', '202009281731500651', 'Cvgtyy', 'DTL_EMAIL', '202009281815360608', '', '20200929', '070414', '20200929070414');
INSERT INTO `TASK_GROUP_DETAIL_USER_COMMENT` VALUES ('202009290706040425', '100324242456731592569', '202009281731500651', 'Dfhhj', 'DTL_EMAIL', '202009281815360608', '', '20200929', '070604', '20200929070604');
INSERT INTO `TASK_GROUP_DETAIL_USER_COMMENT` VALUES ('202009290708490410', '113486759599812914431', '202009281731500651', '10 file', 'DTL_EMAIL', '202009281815360608', '', '20200929', '070931', '20200929070931');
INSERT INTO `TASK_GROUP_DETAIL_USER_COMMENT` VALUES ('202009290710340875', '113486759599812914431', '202009281731500651', '14 filesss', 'DTL_EMAIL', '202009281815360608', '', '20200929', '071209', '20200929071209');
INSERT INTO `TASK_GROUP_DETAIL_USER_COMMENT` VALUES ('202009290717050382', '113486759599812914431', '202009281731500651', '<div class=\"richText-editor\" id=\"richText-fqg7kb\" contenteditable=\"true\"><div>Gehrhjrjrjrjrjrjr</div><div>Fjdjjdjrr</div><div><br></div><div>Rjjrjrrjjr</div></div>', 'MST_EMAIL', '', 'hdhdjdjjdjnfn', '20200929', '071734', '20200929071734');
INSERT INTO `TASK_GROUP_DETAIL_USER_COMMENT` VALUES ('202009290721180411', '117977997905031416912', '202009290719280780', '<div class=\"richText-editor\" id=\"richText-tgl696\" contenteditable=\"true\"><div>Thjfjdkfkfk</div><div><ul><li>bfbfb</li><li>FbhfjfnfjHfhfjfj</li><li>Nfnfnfnfnf</li></ul><div><ol><li><br></li><li>Dbfjdjdjjffj</li></ol></div></div><div>Hfhfjfjdjdjjr</div><div><br></div><div><br></div><div><br></div><div><br></div></div>', 'MST_EMAIL', '', 'choi', '20200929', '072152', '20200929072152');
INSERT INTO `TASK_GROUP_DETAIL_USER_COMMENT` VALUES ('202009290722140044', '117977997905031416912', '202009290719280780', 'Jhffjj', 'DTL_EMAIL', '202009290721180411', '', '20200929', '072214', '20200929072214');
INSERT INTO `TASK_GROUP_DETAIL_USER_COMMENT` VALUES ('202009290934440717', '117977997905031416912', '202009290719280780', 'sdfasfsdfsdf', 'DTL_EMAIL', '202009290721180411', '', '20200929', '093444', '20200929093444');
INSERT INTO `TASK_GROUP_DETAIL_USER_COMMENT` VALUES ('202009290934540100', '117977997905031416912', '202009290719280780', 'sdfsdfsdfsdf', 'DTL_EMAIL', '202009290721180411', '', '20200929', '093458', '20200929093458');
INSERT INTO `TASK_GROUP_DETAIL_USER_COMMENT` VALUES ('202009291101550865', '113486759599812914431', '202009281731500651', 'asdasdasd', 'DTL_EMAIL', '202009281815360608', '', '20200929', '110155', '20200929110155');
INSERT INTO `TASK_GROUP_DETAIL_USER_COMMENT` VALUES ('202009291102030567', '113486759599812914431', '202009281731500651', 'asdasdasd', 'DTL_EMAIL', '202009281815360608', '', '20200929', '110211', '20200929110211');
INSERT INTO `TASK_GROUP_DETAIL_USER_COMMENT` VALUES ('202009291206470514', '113486759599812914431', '202009281731500651', 'Gruurru', 'DTL_EMAIL', '202009290717050382', '', '20200929', '120647', '20200929120647');
INSERT INTO `TASK_GROUP_DETAIL_USER_COMMENT` VALUES ('202009291207160700', '113486759599812914431', '202009281731500651', 'llol', 'DTL_EMAIL', '202009290717050382', '', '20200929', '120728', '20200929120728');
INSERT INTO `TASK_GROUP_DETAIL_USER_COMMENT` VALUES ('202009291207160775', '113486759599812914431', '202009281731500651', 'Hrhrhtht', 'DTL_EMAIL', '202009290717050382', '', '20200929', '120754', '20200929120754');
INSERT INTO `TASK_GROUP_DETAIL_USER_COMMENT` VALUES ('202009291741010721', '113486759599812914431', '202009281731500651', '<div class=\"richText-editor\" id=\"richText-9ls54b\" contenteditable=\"true\"><div>asdasdasdasdasdasdasd</div><div>ad</div><div>as</div><div>da</div><div>da</div><div>sd</div><div><br></div></div>', 'MST_EMAIL', '', 'asdadads', '20200929', '174128', '20200929174128');
INSERT INTO `TASK_GROUP_DETAIL_USER_COMMENT` VALUES ('202009291741400723', '113486759599812914431', '202009281731500651', 'iiiyui', 'DTL_EMAIL', '202009291741010721', '', '20200929', '174140', '20200929174140');
INSERT INTO `TASK_GROUP_DETAIL_USER_COMMENT` VALUES ('202009291741440124', '113486759599812914431', '202009281731500651', 'uiyuiyuiyui', 'DTL_EMAIL', '202009291741010721', '', '20200929', '174144', '20200929174144');
INSERT INTO `TASK_GROUP_DETAIL_USER_COMMENT` VALUES ('202009291741510395', '113486759599812914431', '202009281731500651', '464646456546', 'DTL_EMAIL', '202009291741010721', '', '20200929', '174200', '20200929174200');
INSERT INTO `TASK_GROUP_DETAIL_USER_COMMENT` VALUES ('202009291748090509', '113486759599812914431', '202009291747460470', '<div class=\"richText-editor\" id=\"richText-ccwosh\" contenteditable=\"true\"><div>sdfsdfsdfdfsdfsdfsdf</div><div><br></div></div>', 'MST_EMAIL', '', 'sdfsdfdsfsdfs', '20200929', '174816', '20200929174816');
INSERT INTO `TASK_GROUP_DETAIL_USER_COMMENT` VALUES ('202009291801190389', '113486759599812914431', '202009281731500651', '<div class=\"richText-editor\" id=\"richText-360ga9\" contenteditable=\"true\"><div>Gsueijejeieiekeke</div><div>Djjđjdjd</div></div>', 'MST_EMAIL', '', 'dbdbdjđjjd tua dè 1', '20200929', '180132', '20200929180132');
INSERT INTO `TASK_GROUP_DETAIL_USER_COMMENT` VALUES ('202009291802300711', '113486759599812914431', '202009291747460470', 'Fhdjdidjhhfhrhh', 'DTL_EMAIL', '202009291748090509', '', '20200929', '180230', '20200929180230');
INSERT INTO `TASK_GROUP_DETAIL_USER_COMMENT` VALUES ('202009291802540987', '113486759599812914431', '202009291747460470', 'Dhhdjđjjr', 'DTL_EMAIL', '202009291748090509', '', '20200929', '180306', '20200929180306');
INSERT INTO `TASK_GROUP_DETAIL_USER_COMMENT` VALUES ('202009291954220367', '117977997905031416912', '202009290719280780', 'Rheejeje', 'DTL_EMAIL', '202009290721180411', '', '20200929', '195457', '20200929195457');
INSERT INTO `TASK_GROUP_DETAIL_USER_COMMENT` VALUES ('202009292119040401', '100324242456731592569', '202009281731500651', 'Dfgh', 'DTL_EMAIL', '202009291801190389', '', '20200929', '211926', '20200929211926');
INSERT INTO `TASK_GROUP_DETAIL_USER_COMMENT` VALUES ('202009300221460740', '113486759599812914431', '202009281731500651', 'Ghhfyhj', 'DTL_EMAIL', '202009291801190389', '', '20200930', '022204', '20200930022204');
INSERT INTO `TASK_GROUP_DETAIL_USER_COMMENT` VALUES ('202009301132100121', '106514682865442059423', '202009292212060961', '<div class=\"richText-editor\" id=\"richText-r3j09t\" contenteditable=\"true\"><div>asdadadsasdasd</div><div><br></div><div>tua de 1</div><div><br></div></div>', 'MST_EMAIL', '', 'test 1', '20200930', '113224', '20200930113224');
INSERT INTO `TASK_GROUP_DETAIL_USER_COMMENT` VALUES ('202009301430040029', '113486759599812914431', '202009281731500651', '<div class=\"richText-editor\" id=\"richText-916l3m\" contenteditable=\"true\"><div>XIN CHÀo mọi người đây là ví dụ</div><div><br></div><div>Có 5 mục nhỏ sau đây :</div><div><br></div><div><ol><li>ádasdasd</li><li>Ádadsasdasd</li><li>Ádasdasda</li><li>Sdsss</li><li>Sádasdasd</li></ol><div><br></div></div><div>Xin xem file đính kèm,</div><div>Cảm ơn</div><div><br></div></div>', 'MST_EMAIL', '', 'CHI TIẾT CÔNG VIỆC MỘT', '20200930', '143015', '20200930143015');
INSERT INTO `TASK_GROUP_DETAIL_USER_COMMENT` VALUES ('202009301508110040', '100324242456731592569', '202009292148560326', '<div class=\"richText-editor\" id=\"richText-pe9vde\" contenteditable=\"true\"><div>them vo noi dung</div></div>', 'MST_EMAIL', '', 'tua de chi tiet1', '20200930', '150819', '20200930150819');
INSERT INTO `TASK_GROUP_DETAIL_USER_COMMENT` VALUES ('202009301508290354', '100324242456731592569', '202009292148560326', 'dfgdgdgdfg', 'DTL_EMAIL', '202009301508110040', '', '20200930', '150829', '20200930150829');
INSERT INTO `TASK_GROUP_DETAIL_USER_COMMENT` VALUES ('202009301523220691', '113486759599812914431', '202009301522540355', '<div class=\"richText-editor\" id=\"richText-iok76\" contenteditable=\"true\"><div>asdasdadsas</div><div>das</div><div>das</div><div>d</div><div>ads</div><div><br></div></div>', 'MST_EMAIL', '', 'tua de 1', '20200930', '152328', '20200930152328');
INSERT INTO `TASK_GROUP_DETAIL_USER_COMMENT` VALUES ('202009301523380150', '113486759599812914431', '202009301522540355', 'them f111', 'DTL_EMAIL', '202009301523220691', '', '20200930', '152338', '20200930152338');
INSERT INTO `TASK_GROUP_DETAIL_USER_COMMENT` VALUES ('202009301523480837', '113486759599812914431', '202009301522540355', 'them f222', 'DTL_EMAIL', '202009301523220691', '', '20200930', '152355', '20200930152355');
INSERT INTO `TASK_GROUP_DETAIL_USER_COMMENT` VALUES ('202009302201240978', '113486759599812914431', '202009281731500651', '111222333', 'DTL_EMAIL', '202009301430040029', '', '20200930', '220124', '20200930220124');
INSERT INTO `TASK_GROUP_DETAIL_USER_COMMENT` VALUES ('202009302201300008', '113486759599812914431', '202009281731500651', '123121212', 'DTL_EMAIL', '202009301430040029', '', '20200930', '220130', '20200930220130');
INSERT INTO `TASK_GROUP_DETAIL_USER_COMMENT` VALUES ('202009302201320834', '113486759599812914431', '202009281731500651', 'asdasdasdasd', 'DTL_EMAIL', '202009301430040029', '', '20200930', '220132', '20200930220132');
INSERT INTO `TASK_GROUP_DETAIL_USER_COMMENT` VALUES ('202009302203500713', '113486759599812914431', '202009281731500651', 'xzdfsdsfsdf', 'DTL_EMAIL', '202009301430040029', '', '20200930', '220353', '20200930220353');

-- ----------------------------
-- Table structure for USER
-- ----------------------------
DROP TABLE IF EXISTS `USER`;
CREATE TABLE `USER`  (
  `id` varchar(50) CHARACTER SET latin1 COLLATE latin1_swedish_ci NOT NULL,
  `user_type_id` varchar(15) CHARACTER SET utf8 COLLATE utf8_unicode_ci NULL DEFAULT NULL,
  `authority_code` varchar(2) CHARACTER SET latin1 COLLATE latin1_swedish_ci NULL DEFAULT NULL,
  `is_share_folder_gg` varchar(1) CHARACTER SET latin1 COLLATE latin1_swedish_ci NULL DEFAULT NULL,
  `id_user` varchar(30) CHARACTER SET latin1 COLLATE latin1_swedish_ci NULL DEFAULT NULL,
  `firstname` varchar(30) CHARACTER SET utf8 COLLATE utf8_unicode_ci NULL DEFAULT NULL,
  `lastname` varchar(30) CHARACTER SET utf8 COLLATE utf8_unicode_ci NULL DEFAULT NULL,
  `displayName` varchar(300) CHARACTER SET utf8 COLLATE utf8_unicode_ci NULL DEFAULT NULL,
  `address` varchar(150) CHARACTER SET utf8 COLLATE utf8_unicode_ci NULL DEFAULT NULL,
  `phone1` varchar(15) CHARACTER SET latin1 COLLATE latin1_swedish_ci NULL DEFAULT NULL,
  `phone2` varchar(15) CHARACTER SET latin1 COLLATE latin1_swedish_ci NULL DEFAULT NULL,
  `email` varchar(50) CHARACTER SET latin1 COLLATE latin1_swedish_ci NULL DEFAULT NULL,
  `password` varchar(25) CHARACTER SET latin1 COLLATE latin1_swedish_ci NULL DEFAULT NULL,
  `updatedate` varchar(8) CHARACTER SET latin1 COLLATE latin1_swedish_ci NULL DEFAULT NULL,
  `updatetime` varchar(6) CHARACTER SET latin1 COLLATE latin1_swedish_ci NULL DEFAULT NULL,
  `create_datetime` varchar(15) CHARACTER SET latin1 COLLATE latin1_swedish_ci NULL DEFAULT NULL,
  `refreshToken` varchar(300) CHARACTER SET utf8 COLLATE utf8_unicode_ci NULL DEFAULT NULL,
  `delete_system` varchar(1) CHARACTER SET latin1 COLLATE latin1_swedish_ci NULL DEFAULT NULL,
  PRIMARY KEY (`id`) USING BTREE
) ENGINE = MyISAM CHARACTER SET = latin1 COLLATE = latin1_swedish_ci ROW_FORMAT = Dynamic;

-- ----------------------------
-- Records of USER
-- ----------------------------
INSERT INTO `USER` VALUES ('202005282302370216', NULL, '0', '1', 'useradmin7', 'F21323', 'L23234', '1117asdasd@gail.com', 'addresd23423', '1117212', '1117', '1117asdasd@gail.com1111', '1234567', '20201004', '202155', '20200528230237', NULL, '1');
INSERT INTO `USER` VALUES ('202005282258410044', NULL, '0', '1', 'useradmin6', '121212', '12121', '12121 121212', 'adasdasdasd', '1116353453', '111635345', '1116asdasd@gail.com11', '1234567', '20201001', '164228', '20200528225841', NULL, '0');
INSERT INTO `USER` VALUES ('202005282254520718', NULL, '0', '1', 'useradmin5', '121212', '12121', '1116asdasd@gail.com1111', 'adasdasdasd', '111635345345', '111635345312', '1116asdasd@gail.com1111', '1234567', '20201001', '115641', '20200528225452', NULL, '0');
INSERT INTO `USER` VALUES ('202005291629230513', NULL, '0', '1', 'useradmin33', 'thành', 'hi?n', 'Toàn mad xây', 'hai ba trung', '11180929163269', '', '11184234234234@gail.com', '1234567', '20200930', '220100', '20200529162923', NULL, '1');
INSERT INTO `USER` VALUES ('202005282250200023', NULL, '0', '1', 'useradmin2', 'Fasdads', 'Lasdasd', 'Lasdasd Fasdads', 'adressqadasd123', '111234234234', '1113121212', '1113asdasd@gail.com1111', '1234567', '20200930', '220059', '20200528225020', NULL, '1');
INSERT INTO `USER` VALUES ('202005282211210973', NULL, '0', '1', 'user11155', 'sdfsdfsdf', 'Lasdasd', 'Ten 1', '', '111122342345', '11121212121', '111asdasd@gail.com1111', '1234567', '20200930', '112346', '20200528221121', NULL, '1');
INSERT INTO `USER` VALUES ('202005282214300675', NULL, '', '1', 'useradmin', 'sdfsdfsdf', 'Lasdasd', 'Lasdasd sdfsdfsdf', 'asdadadadsasd111123', '1113121212', '11121212121', '1112asdasd@gail.com1111', '1234567', '20201001', '115002', '20200528221430', NULL, NULL);
INSERT INTO `USER` VALUES ('202005291556060531', NULL, '', '1', 'useradmin1', 'Thành111', 'Hi?n', 'Hiển Thành', 'add hi?n', '111812121212', '111811222', '1118112234234234@gail.com', '1234567', '20200917', '152021', '20200529155606', NULL, NULL);
INSERT INTO `USER` VALUES ('202005291632570405', NULL, '0', '1', 'useradmin3', 'asdads', 'asdasd', 'asdasd asdads', 'hai ba trung', '11220929163269', '', '234234234@gail.com1112', '1234567', '20200930', '95859', '20200529163257', NULL, NULL);
INSERT INTO `USER` VALUES ('202005291630240473', NULL, '0', '1', 'user333', '11121dsfsf', 'L', 'L 11121dsfsf', 'hai ba trung', '0929163269', '', '234234234@gail.com', '1234567', '20200930', '102843', '20200529163024', NULL, '0');
INSERT INTO `USER` VALUES ('202005291643120507', NULL, '', '1', 'useradmin333', 'hiển', 'adsád', NULL, 'á?aa?á', '111811212', '111811212', '111222asdasd@gail.com1111', '1234567', '20200930', '101713', '20200529164312', NULL, '0');
INSERT INTO `USER` VALUES ('202006021408060884', NULL, '0', '1', 'user99', 'asdasd', 'asdasd', 'asdasd asdasd', 'asdasdasdasdasd asd', '111212121212', '1112121212', '111212asdasd@gail.com1111', '1234567', '20201001', '115630', '20200602140806', NULL, NULL);
INSERT INTO `USER` VALUES ('202007181517230520', NULL, '', '1', 'useradminlqv', 'vinh', 'lam', 'lam vinh', 'sai gon11223', '11223344556677', '11223344556688', 'useradminlqv@gmail.com', '1234567', '20200920', '104445', '20200718151723', NULL, NULL);
INSERT INTO `USER` VALUES ('202007291041530759', NULL, '0', NULL, 'useradminlqv2', 'vinh', 'lam', NULL, 'quan 6', '0909112233', '0909012233', '', '1234567', '20200930', '103058', '20200829104153', NULL, '1');
INSERT INTO `USER` VALUES ('202007291045070432', NULL, '', '1', 'useradminlqv3', 'vinh', 'lam', NULL, 'quan 6', '0909112234', '0909012233', 'asdasd@gail.com1122', '1234567', '20200930', '101704', '20200829104507', NULL, '1');
INSERT INTO `USER` VALUES ('202007291046250217', NULL, '', '1', 'useradminlqv4', 'vinh', 'lam', NULL, 'quan 6', '0909112235', '0909012233', 'asdasd@gail.com1123', '1234567', '20200930', '101706', '20200829104625', NULL, '1');
INSERT INTO `USER` VALUES ('202008010643030661', NULL, '', '1', 'useradminlqv5', 'vinh2', 'lam2', 'lam2 vinh', 'Duong binh tay phuong 1 quan 6', '0909112244', '09091122333', 'ad4234234@gail.com', '1234567', '20200917', '144527', '20200901064303', NULL, NULL);
INSERT INTO `USER` VALUES ('202008010646150064', NULL, '', NULL, 'useradminlqv6', 'vinh2', 'lam2', 'lam2 vinh2', 'Duong binh tay', '55555', '6666666', 'undefined1', '1234567', '20200920', '160504', '20200901064758', NULL, NULL);
INSERT INTO `USER` VALUES ('202008010647580695', NULL, '0', '1', 'useradminlqv7', 'vinh2', 'lam2', 'lam2 vinh2', 'Duong binh tay phuong 1 quan 6', '0909112', '0909112234', 'ad24234234@gail.com', '1234567', '20200930', '100615', '20200901064758', NULL, '1');
INSERT INTO `USER` VALUES ('117977997905031416912', 'GOOGLE', '0', '1', '', '', '', 'lqvinh.nhu.hsu@', 'quan 7 hvbjggbbb', '0973940013', '0973940013', 'lqvinh.nhu.hsu@ptd.edu.vn', '', '20200930', '194029', '20200917143142', NULL, '0');
INSERT INTO `USER` VALUES ('113486759599812914431', 'GOOGLE', '1', '1', '', '', '', 'Vinh Lam', 'Bfjfdjdrjdrjrj', '0973.940013', '', 'lqvinh.hsu@gmail.com', '', '20201003', '91130', '202009272257000', NULL, '2');
INSERT INTO `USER` VALUES ('100506614869167645076', 'GOOGLE', '0', '1', '', '', '', 'vil lam', '', '', '', 'buyandsell113@gmail.com', '', '20200930', '134542', '202009221718300', NULL, NULL);
INSERT INTO `USER` VALUES ('106514682865442059423', 'GOOGLE', '0', '1', '', '', '', '	qml.babymommycare@ptd', 'quan 7', '0929163269', '11', 'qml.babymommycare@ptd.edu.vn', '', '20200930', '143022', '202009221723510', NULL, '0');
INSERT INTO `USER` VALUES ('113559615388672250089', 'GOOGLE', '', '1', '', '', '', 'lqvinh.hsu3', '555', '45646456', '6456456456', 'lqvinh.hsu3@gmail.com', '', '20201001', '195400', '20200920111338', NULL, '');
INSERT INTO `USER` VALUES ('113137136527929851498', 'GOOGLE', '1', '1', '', '', '', 'QML Babymommycare', '', '', '', 'qml.babymommycare@gmail.com', '', '20201001', '12256', '202009221728270', NULL, '');
INSERT INTO `USER` VALUES ('115884274735888505742', 'GOOGLE', '', '1', '', '', '', 'Le Thanh', '', '', '', 'thanhle210812@gmail.com', '', '20200924', '165937', '202009241659370', NULL, '');
INSERT INTO `USER` VALUES ('107464133259941824802', 'GOOGLE', '', '1', '', '', '', 'Ngọc Tuấn Nguyễn', '', '', '', 'nguyenngoctuan@kng.vn', '', '20200925', '163424', '202009251634240', NULL, '');
INSERT INTO `USER` VALUES ('100324242456731592569', 'GOOGLE', '0', '1', '', '', '', 'lqvinh.hsu2', 'Gegrvtb', '12121212', '123', 'lqvinh.hsu2@gmail.com', '', '20200930', '150738', '202009281443120', NULL, '0');
INSERT INTO `USER` VALUES ('113608011513675196929', 'GOOGLE', '0', '1', '', '', '', 'Luong Quan Tinh', '', '', '', 'quantinhluongg@gmail.com', '', '20200928', '194125', '202009281941250', NULL, '0');
INSERT INTO `USER` VALUES ('111659080796612880862', 'GOOGLE', '1', '1', '', '', '', 'Nhu Nhu', '', '', '', 'sapanakawa@ptd.edu.vn', '', '20200930', '101632', '202009281945580', NULL, '2');
INSERT INTO `USER` VALUES ('117056945648337059975', 'GOOGLE', '1', '1', '', '', '', 'Mẫn Linh Quan', '', '', '', 'rainbowatnight.qml@gmail.com', '', '20200930', '150402', '202009292208040', NULL, '2');

-- ----------------------------
-- Table structure for USER_TASK
-- ----------------------------
DROP TABLE IF EXISTS `USER_TASK`;
CREATE TABLE `USER_TASK`  (
  `creator_task` varchar(20) CHARACTER SET latin1 COLLATE latin1_swedish_ci NOT NULL,
  `task_id` varchar(20) CHARACTER SET latin1 COLLATE latin1_swedish_ci NOT NULL,
  `user_in_task` varchar(20) CHARACTER SET latin1 COLLATE latin1_swedish_ci NOT NULL,
  `updatedate` varchar(8) CHARACTER SET latin1 COLLATE latin1_swedish_ci NOT NULL,
  `updatetime` varchar(6) CHARACTER SET latin1 COLLATE latin1_swedish_ci NOT NULL,
  `create_datetime` varchar(15) CHARACTER SET latin1 COLLATE latin1_swedish_ci NOT NULL,
  PRIMARY KEY (`creator_task`, `task_id`, `user_in_task`) USING BTREE
) ENGINE = MyISAM CHARACTER SET = latin1 COLLATE = latin1_swedish_ci ROW_FORMAT = Dynamic;

-- ----------------------------
-- Records of USER_TASK
-- ----------------------------
INSERT INTO `USER_TASK` VALUES ('202005282258410065', 'j1_27', '202005291556060531', '20200605', '203753', '20200605203753');
INSERT INTO `USER_TASK` VALUES ('202005282258410065', 'j1_27', '202005282214300675', '20200605', '203753', '20200605203753');
INSERT INTO `USER_TASK` VALUES ('202005282258410065', 'j1_37', '202006021408060884', '20200605', '203730', '20200605203730');
INSERT INTO `USER_TASK` VALUES ('202005282258410065', 'j1_37', '202005291643120507', '20200605', '203730', '20200605203730');
INSERT INTO `USER_TASK` VALUES ('202005282258410065', 'j1_37', '202005282258410044', '20200605', '203730', '20200605203730');
INSERT INTO `USER_TASK` VALUES ('202005282258410065', 'j1_37', '202005282302370216', '20200605', '203730', '20200605203730');
INSERT INTO `USER_TASK` VALUES ('202005282302370229', 'j1_5', '202006021408060884', '20200605', '203557', '20200605203557');
INSERT INTO `USER_TASK` VALUES ('202005282302370229', 'j1_5', '202005291643120507', '20200605', '203557', '20200605203557');
INSERT INTO `USER_TASK` VALUES ('202005282302370229', 'j1_5', '202005291630240473', '20200605', '203557', '20200605203557');
INSERT INTO `USER_TASK` VALUES ('202005282302370229', 'j1_5', '202005291632570405', '20200605', '203557', '20200605203557');
INSERT INTO `USER_TASK` VALUES ('202005282302370229', 'j1_5', '202005291556060531', '20200605', '203557', '20200605203557');
INSERT INTO `USER_TASK` VALUES ('202005282302370229', 'j1_5', '202005282214300675', '20200605', '203557', '20200605203557');
INSERT INTO `USER_TASK` VALUES ('202005282302370229', 'j1_5', '202005282211210973', '20200605', '203557', '20200605203557');
INSERT INTO `USER_TASK` VALUES ('202005282302370229', 'j1_5', '202005282250200023', '20200605', '203557', '20200605203557');
INSERT INTO `USER_TASK` VALUES ('202005282302370229', 'j1_5', '202005291629230513', '20200605', '203557', '20200605203557');
INSERT INTO `USER_TASK` VALUES ('202005282302370229', 'j1_5', '202005282254520718', '20200605', '203557', '20200605203557');
INSERT INTO `USER_TASK` VALUES ('202005282302370229', 'j1_5', '202005282258410044', '20200605', '203557', '20200605203557');
INSERT INTO `USER_TASK` VALUES ('202005282302370229', 'j1_5', '202005282302370216', '20200605', '201613', '20200605201613');
INSERT INTO `USER_TASK` VALUES ('202005282302370229', 'j1_3', '202005291629230513', '20200605', '201419', '20200605201419');
INSERT INTO `USER_TASK` VALUES ('202005282302370229', 'j1_3', '202005282254520718', '20200605', '201419', '20200605201419');
INSERT INTO `USER_TASK` VALUES ('202005282302370229', 'j1_3', '202005282258410044', '20200605', '201419', '20200605201419');
INSERT INTO `USER_TASK` VALUES ('202005282302370229', 'j1_3', '202005282302370216', '20200605', '201359', '20200605201359');
INSERT INTO `USER_TASK` VALUES ('202005282258410065', 'j1_37', '202005291632570405', '20200605', '141737', '20200605141737');
INSERT INTO `USER_TASK` VALUES ('202005282258410065', 'j1_37', '202005291630240473', '20200605', '141737', '20200605141737');
INSERT INTO `USER_TASK` VALUES ('202005282258410065', 'j1_18', '202005282302370216', '20200605', '141913', '20200605141913');
INSERT INTO `USER_TASK` VALUES ('202005282258410065', 'j1_18', '202005282258410044', '20200605', '141913', '20200605141913');
INSERT INTO `USER_TASK` VALUES ('202005282258410065', 'j1_36', '202005282302370216', '20200606', '000241', '20200606000241');
INSERT INTO `USER_TASK` VALUES ('202005282258410065', 'j1_36', '202005282258410044', '20200606', '000241', '20200606000241');
INSERT INTO `USER_TASK` VALUES ('202005282258410065', 'j1_36', '202005282254520718', '20200606', '000241', '20200606000241');
INSERT INTO `USER_TASK` VALUES ('202005282258410065', 'j1_36', '202005282211210973', '20200606', '000302', '20200606000302');
INSERT INTO `USER_TASK` VALUES ('202005282258410065', 'j1_36', '202005291556060531', '20200606', '000302', '20200606000302');
INSERT INTO `USER_TASK` VALUES ('202005282258410065', 'j1_36', '202005291632570405', '20200606', '000313', '20200606000313');
INSERT INTO `USER_TASK` VALUES ('202005282258410065', 'j1_36', '202005291630240473', '20200606', '000313', '20200606000313');
INSERT INTO `USER_TASK` VALUES ('202005282258410065', 'j1_23', '202005282302370216', '20200606', '000526', '20200606000526');
INSERT INTO `USER_TASK` VALUES ('202005282258410065', 'j1_23', '202005282258410044', '20200606', '000526', '20200606000526');
INSERT INTO `USER_TASK` VALUES ('202005282258410065', 'j1_23', '202005282254520718', '20200606', '000526', '20200606000526');
INSERT INTO `USER_TASK` VALUES ('202005282258410065', 'j1_23', '202005291629230513', '20200606', '000526', '20200606000526');
INSERT INTO `USER_TASK` VALUES ('202005282258410065', 'j1_23', '202005282250200023', '20200606', '063134', '20200606063134');
INSERT INTO `USER_TASK` VALUES ('202005282258410065', 'j1_23', '202005282211210973', '20200606', '000526', '20200606000526');
INSERT INTO `USER_TASK` VALUES ('202005282258410065', 'j1_23', '202005282214300675', '20200606', '000526', '20200606000526');
INSERT INTO `USER_TASK` VALUES ('202005282258410065', 'j1_23', '202005291556060531', '20200606', '000526', '20200606000526');
INSERT INTO `USER_TASK` VALUES ('202005282258410065', 'j1_23', '202005291632570405', '20200606', '063134', '20200606063134');
INSERT INTO `USER_TASK` VALUES ('202005282258410065', 'j1_23', '202005291630240473', '20200606', '063134', '20200606063134');
INSERT INTO `USER_TASK` VALUES ('202005282258410065', 'j1_23', '202005291643120507', '20200606', '063134', '20200606063134');
INSERT INTO `USER_TASK` VALUES ('202005282258410065', 'j1_23', '202006021408060884', '20200606', '063134', '20200606063134');
INSERT INTO `USER_TASK` VALUES ('202005282258410065', 'j1_18', '202005282211210973', '20200606', '063100', '20200606063100');
INSERT INTO `USER_TASK` VALUES ('202005282258410065', 'j1_18', '202005282214300675', '20200606', '063100', '20200606063100');
INSERT INTO `USER_TASK` VALUES ('202005282258410065', 'j1_18', '202005291556060531', '20200606', '063100', '20200606063100');
INSERT INTO `USER_TASK` VALUES ('202005282258410065', 'j1_18', '202005282254520718', '20200606', '063121', '20200606063121');
INSERT INTO `USER_TASK` VALUES ('202005282258410065', 'j1_18', '202005291629230513', '20200606', '063121', '20200606063121');
INSERT INTO `USER_TASK` VALUES ('202005282258410065', 'j1_18', '202005282250200023', '20200606', '094421', '20200606094421');
INSERT INTO `USER_TASK` VALUES ('202005282258410065', 'j1_18', '202005291632570405', '20200606', '094421', '20200606094421');
INSERT INTO `USER_TASK` VALUES ('202005282258410065', 'j1_28', '202005282302370216', '20200606', '094618', '20200606094618');
INSERT INTO `USER_TASK` VALUES ('202005282258410065', 'j1_28', '202005282258410044', '20200606', '094618', '20200606094618');
INSERT INTO `USER_TASK` VALUES ('202005282258410065', 'j1_28', '202005282254520718', '20200606', '094618', '20200606094618');
INSERT INTO `USER_TASK` VALUES ('202005282258410065', 'j1_28', '202005291629230513', '20200606', '094618', '20200606094618');
INSERT INTO `USER_TASK` VALUES ('202005282258410065', 'j1_28', '202005282250200023', '20200606', '094618', '20200606094618');
INSERT INTO `USER_TASK` VALUES ('202005282258410065', 'j1_28', '202005282211210973', '20200606', '094618', '20200606094618');
INSERT INTO `USER_TASK` VALUES ('202005282258410065', 'j1_28', '202005282214300675', '20200606', '094618', '20200606094618');
INSERT INTO `USER_TASK` VALUES ('202005282258410065', 'j1_28', '202005291556060531', '20200606', '094618', '20200606094618');
INSERT INTO `USER_TASK` VALUES ('202005282258410065', 'j1_28', '202005291632570405', '20200606', '094618', '20200606094618');
INSERT INTO `USER_TASK` VALUES ('202005282258410065', 'j1_28', '202005291630240473', '20200606', '094618', '20200606094618');
INSERT INTO `USER_TASK` VALUES ('202005282258410065', 'j1_28', '202005291643120507', '20200606', '094618', '20200606094618');
INSERT INTO `USER_TASK` VALUES ('202005282258410065', 'j1_28', '202006021408060884', '20200606', '094618', '20200606094618');
INSERT INTO `USER_TASK` VALUES ('202005282258410065', 'j1_30', '202005282211210973', '20200606', '094748', '20200606094748');
INSERT INTO `USER_TASK` VALUES ('202005282258410065', 'j1_30', '202005282214300675', '20200606', '094748', '20200606094748');
INSERT INTO `USER_TASK` VALUES ('202005282258410065', 'j1_30', '202005282302370216', '20200606', '094753', '20200606094753');
INSERT INTO `USER_TASK` VALUES ('202005282258410065', 'j1_30', '202005282258410044', '20200606', '094753', '20200606094753');
INSERT INTO `USER_TASK` VALUES ('202005282258410065', 'j1_30', '202005282254520718', '20200606', '094753', '20200606094753');
INSERT INTO `USER_TASK` VALUES ('202005282258410065', 'j1_30', '202005291629230513', '20200606', '094753', '20200606094753');
INSERT INTO `USER_TASK` VALUES ('202005282258410065', 'j1_30', '202005282250200023', '20200606', '094753', '20200606094753');
INSERT INTO `USER_TASK` VALUES ('202005282258410065', 'j1_30', '202005291556060531', '20200606', '094753', '20200606094753');
INSERT INTO `USER_TASK` VALUES ('202005282258410065', 'j1_30', '202005291632570405', '20200606', '094753', '20200606094753');
INSERT INTO `USER_TASK` VALUES ('202005282258410065', 'j1_30', '202005291630240473', '20200606', '094753', '20200606094753');
INSERT INTO `USER_TASK` VALUES ('202005282258410065', 'j1_30', '202005291643120507', '20200606', '094753', '20200606094753');
INSERT INTO `USER_TASK` VALUES ('202005282258410065', 'j1_30', '202006021408060884', '20200606', '094753', '20200606094753');
INSERT INTO `USER_TASK` VALUES ('202005282258410065', 'j1_37', '202005282254520718', '20200606', '102227', '20200606102227');
INSERT INTO `USER_TASK` VALUES ('202005282258410065', 'j1_37', '202005291629230513', '20200606', '103012', '20200606103012');
INSERT INTO `USER_TASK` VALUES ('202005282258410065', 'j1_37', '202005282250200023', '20200610', '140529', '20200610140529');
INSERT INTO `USER_TASK` VALUES ('202005282258410065', 'j1_37', '202005282211210973', '20200610', '140529', '20200610140529');
INSERT INTO `USER_TASK` VALUES ('202005282258410065', 'j1_37', '202005282214300675', '20200610', '140529', '20200610140529');
INSERT INTO `USER_TASK` VALUES ('202005282258410065', 'j1_37', '202005291556060531', '20200610', '140529', '20200610140529');
INSERT INTO `USER_TASK` VALUES ('202005282258410065', 'j1_32', '202005282302370216', '20200612', '060941', '20200612060941');
INSERT INTO `USER_TASK` VALUES ('202005282258410065', 'j1_32', '202005282258410044', '20200612', '060941', '20200612060941');
INSERT INTO `USER_TASK` VALUES ('202005282258410065', 'j1_32', '202005291629230513', '20200612', '061002', '20200612061002');
INSERT INTO `USER_TASK` VALUES ('202005282258410065', 'j1_32', '202005282250200023', '20200612', '061002', '20200612061002');
INSERT INTO `USER_TASK` VALUES ('202005282258410065', 'j1_32', '202005282211210973', '20200612', '061002', '20200612061002');
INSERT INTO `USER_TASK` VALUES ('202005282258410065', 'j1_20', '202005282302370216', '20200612', '142455', '20200612142455');
INSERT INTO `USER_TASK` VALUES ('202005282258410065', 'j1_20', '202005282258410044', '20200612', '142455', '20200612142455');
INSERT INTO `USER_TASK` VALUES ('202005282258410065', 'j1_20', '202005282254520718', '20200612', '142455', '20200612142455');
INSERT INTO `USER_TASK` VALUES ('202005282258410065', 'j1_36', '202005291643120507', '20200617', '002416', '20200617002416');
INSERT INTO `USER_TASK` VALUES ('202005282258410065', 'j1_39', '202005282302370216', '20200619', '062400', '20200619062400');
INSERT INTO `USER_TASK` VALUES ('202005282258410065', 'j1_39', '202005282258410044', '20200619', '062400', '20200619062400');
INSERT INTO `USER_TASK` VALUES ('202005282258410065', 'j1_39', '202005282254520718', '20200619', '062400', '20200619062400');
INSERT INTO `USER_TASK` VALUES ('202005282258410065', 'j1_39', '202005291629230513', '20200619', '062400', '20200619062400');
INSERT INTO `USER_TASK` VALUES ('202005282258410065', 'j1_39', '202005282250200023', '20200619', '062400', '20200619062400');
INSERT INTO `USER_TASK` VALUES ('202005282258410065', 'j1_39', '202005282211210973', '20200619', '062400', '20200619062400');
INSERT INTO `USER_TASK` VALUES ('202005282258410065', 'j1_39', '202005282214300675', '20200619', '062400', '20200619062400');
INSERT INTO `USER_TASK` VALUES ('202005282258410065', 'j1_39', '202005291556060531', '20200619', '062400', '20200619062400');
INSERT INTO `USER_TASK` VALUES ('202005282258410065', 'j1_39', '202005291632570405', '20200619', '062400', '20200619062400');
INSERT INTO `USER_TASK` VALUES ('202005282258410065', 'j1_39', '202005291630240473', '20200619', '062400', '20200619062400');
INSERT INTO `USER_TASK` VALUES ('202005282258410065', 'j1_39', '202005291643120507', '20200619', '062400', '20200619062400');
INSERT INTO `USER_TASK` VALUES ('202005282258410065', 'j1_39', '202006021408060884', '20200619', '062400', '20200619062400');

-- ----------------------------
-- Table structure for test
-- ----------------------------
DROP TABLE IF EXISTS `test`;
CREATE TABLE `test`  (
  `id` varchar(20) CHARACTER SET latin1 COLLATE latin1_swedish_ci NOT NULL COMMENT '1',
  `name` varchar(50) CHARACTER SET latin1 COLLATE latin1_swedish_ci NOT NULL COMMENT '2',
  `phone` varchar(14) CHARACTER SET latin1 COLLATE latin1_swedish_ci NOT NULL COMMENT '3',
  `phone_agency` varchar(20) CHARACTER SET latin1 COLLATE latin1_swedish_ci NULL DEFAULT NULL,
  `email` varchar(50) CHARACTER SET latin1 COLLATE latin1_swedish_ci NULL DEFAULT NULL COMMENT '4',
  PRIMARY KEY (`id`) USING BTREE
) ENGINE = MyISAM CHARACTER SET = latin1 COLLATE = latin1_swedish_ci ROW_FORMAT = Dynamic;

-- ----------------------------
-- Records of test
-- ----------------------------
INSERT INTO `test` VALUES ('202005050941440761', 'Ronnie', '0333388242', 'Viettel', 'Ronnie@gmail.com');
INSERT INTO `test` VALUES ('202005050941440444', 'Tuan', '0346122841', 'Viettel', 'Tuan@gmail.com');
INSERT INTO `test` VALUES ('202005050941440113', 'Jess', '0347245949', 'Viettel', 'Jess@gmail.com');
INSERT INTO `test` VALUES ('202005050941430611', 'Vincent', '0976326049', 'Viettel', 'Vincent@gmail.com');
INSERT INTO `test` VALUES ('202005050941430341', 'Denny', '0965998171', 'Viettel', 'Denny@gmail.com');
INSERT INTO `test` VALUES ('202005050941410832', 'Norris', '0366295094', 'Viettel', 'Norris@gmail.com');
INSERT INTO `test` VALUES ('202005050510020929', 'German', '0362630791', 'Viettel', 'German@gmail.com');
INSERT INTO `test` VALUES ('202005051502090110', 'Ahmed', '0365802603', 'Viettel', 'Ahmed@gmail.com');
INSERT INTO `test` VALUES ('202005051504220539', 'Armando', '0968850658', 'Viettel', 'Armando@gmail.com');
INSERT INTO `test` VALUES ('202005061242030814', 'Ricky', '0352952078', 'Viettel', 'Ricky@gmail.com');
INSERT INTO `test` VALUES ('202005061250420392', 'Lowell', '0366986118', 'Viettel', 'Lowell@gmail.com');
INSERT INTO `test` VALUES ('202005061301380954', 'Billie', '0975704201', 'Viettel', 'Billie@gmail.com');
INSERT INTO `test` VALUES ('202005061301410463', 'Joan', '0967879192', 'Viettel', 'Joan@gmail.com');
INSERT INTO `test` VALUES ('202005061305090674', 'Dudley', '0343351038', 'Viettel', 'Dudley@gmail.com');
INSERT INTO `test` VALUES ('202005061305100280', 'Yong', '0979179988', 'Viettel', 'Yong@gmail.com');
INSERT INTO `test` VALUES ('202005061322180714', 'Randal', '0355721250', 'Viettel', 'Randal@gmail.com');
INSERT INTO `test` VALUES ('202005061322190978', 'Thaddeus', '0344134231', 'Viettel', 'Thaddeus@gmail.com');
INSERT INTO `test` VALUES ('202005061326010324', 'Keenan', '0338458096', 'Viettel', 'Keenan@gmail.com');
INSERT INTO `test` VALUES ('202005081352080322', 'Reyes', '0376883663', 'Viettel', 'Reyes@gmail.com');
INSERT INTO `test` VALUES ('202005081631190940', 'Norris', '0971550471', 'Viettel', 'Norris@gmail.com');
INSERT INTO `test` VALUES ('202005081631350033', 'Lucio', '0361441693', 'Viettel', 'Lucio@gmail.com');
INSERT INTO `test` VALUES ('202005081631370278', 'Merle', '0976913321', 'Viettel', 'Merle@gmail.com');
INSERT INTO `test` VALUES ('202005081631390537', 'Edmundo', '0378179415', 'Viettel', 'Edmundo@gmail.com');
INSERT INTO `test` VALUES ('202005081631410552', 'Wyatt', '0347443692', 'Viettel', 'Wyatt@gmail.com');
INSERT INTO `test` VALUES ('202005081631430745', 'Brad', '0377347159', 'Viettel', 'Brad@gmail.com');
INSERT INTO `test` VALUES ('202005081632010153', 'Wally', '0358698924', 'Viettel', 'Wally@gmail.com');
INSERT INTO `test` VALUES ('202005081632090907', 'Elvin', '0357835292', 'Viettel', 'Elvin@gmail.com');
INSERT INTO `test` VALUES ('202005081632120439', 'Tim', '0329946273', 'Viettel', 'Tim@gmail.com');
INSERT INTO `test` VALUES ('202005081632150138', 'Johnie', '0325312551', 'Viettel', 'Johnie@gmail.com');
INSERT INTO `test` VALUES ('202005081632180873', 'Efrain', '0961295099', 'Viettel', 'Efrain@gmail.com');
INSERT INTO `test` VALUES ('202005081632230321', 'Brooks', '0971030171', 'Viettel', 'Brooks@gmail.com');
INSERT INTO `test` VALUES ('202005081632250239', 'Virgilio', '0331252740', 'Viettel', 'Virgilio@gmail.com');
INSERT INTO `test` VALUES ('202005081632270306', 'Connie', '0344264337', 'Viettel', 'Connie@gmail.com');
INSERT INTO `test` VALUES ('202005081632400601', 'Max', '0373480713', 'Viettel', 'Max@gmail.com');
INSERT INTO `test` VALUES ('202005081632420515', 'Harry', '0347439406', 'Viettel', 'Harry@gmail.com');
INSERT INTO `test` VALUES ('202005081632510499', 'Tom', '0372028825', 'Viettel', 'Tom@gmail.com');
INSERT INTO `test` VALUES ('202005081632530036', 'Bernie', '0378974648', 'Viettel', 'Bernie@gmail.com');
INSERT INTO `test` VALUES ('202005081632540634', 'Emmanuel', '0976013367', 'Viettel', 'Emmanuel@gmail.com');
INSERT INTO `test` VALUES ('202005081632560453', 'Steven', '0347548340', 'Viettel', 'Steven@gmail.com');
INSERT INTO `test` VALUES ('202005081633060170', 'Benton', '0978244695', 'Viettel', 'Benton@gmail.com');
INSERT INTO `test` VALUES ('202005081633100061', 'Hugo', '0368565158', 'Viettel', 'Hugo@gmail.com');
INSERT INTO `test` VALUES ('202005081633120102', 'Anibal', '0328029426', 'Viettel', 'Anibal@gmail.com');
INSERT INTO `test` VALUES ('202005081633140061', 'Ricky', '0332065995', 'Viettel', 'Ricky@gmail.com');
INSERT INTO `test` VALUES ('202005081633150741', 'Benjamin', '0325546598', 'Viettel', 'Benjamin@gmail.com');
INSERT INTO `test` VALUES ('202005081633170873', 'Lawrence', '0355526186', 'Viettel', 'Lawrence@gmail.com');
INSERT INTO `test` VALUES ('202005081633430934', 'Lewis', '0349960341', 'Viettel', 'Lewis@gmail.com');
INSERT INTO `test` VALUES ('202005090026570182', 'Tyler', '0355351976', 'Viettel', 'Tyler@gmail.com');
INSERT INTO `test` VALUES ('202005090340130355', 'Milton', '0375746042', 'Viettel', 'Milton@gmail.com');
INSERT INTO `test` VALUES ('202005101346210021', 'Bobbie', '0322124594', 'Viettel', 'Bobbie@gmail.com');
INSERT INTO `test` VALUES ('202005140115450825', 'Douglas', '0349872334', 'Viettel', 'Douglas@gmail.com');
INSERT INTO `test` VALUES ('202005140116020324', 'Sherwood', '0972844152', 'Viettel', 'Sherwood@gmail.com');

SET FOREIGN_KEY_CHECKS = 1;
